"Measure code","DH_FACT_ATT","COUNTRY_REGION","YEAR","VALUE"
"DH_1","NO_1","ALB","2022","1"
"DH_1","NO_1","AND","2022","1"
"DH_1","NO","ARM","2022","1"
"DH_1","NO_1","AUT","2022","1"
"DH_1","YES","AZE","2022","1"
"DH_1","YES","BLR","2022","1"
"DH_1","YES","BEL","2022","1"
"DH_1","MND_1","BIH","2022","1"
"DH_1","NO","BGR","2022","1"
"DH_1","NO_1","HRV","2022","1"
"DH_1","YES","CYP","2022","1"
"DH_1","YES","CZE","2022","1"
"DH_1","YES","DNK","2022","1"
"DH_1","YES","EST","2022","1"
"DH_1","YES","FIN","2022","1"
"DH_1","YES","FRA","2022","1"
"DH_1","NO_1","GEO","2022","1"
"DH_1","NO_1","DEU","2022","1"
"DH_1","NO_1","GRC","2022","1"
"DH_1","YES","HUN","2022","1"
"DH_1","YES","ISL","2022","1"
"DH_1","YES","IRL","2022","1"
"DH_1","YES","ISR","2022","1"
"DH_1","YES","ITA","2022","1"
"DH_1","YES","KAZ","2022","1"
"DH_1","YES","KGZ","2022","1"
"DH_1","NO_1","LVA","2022","1"
"DH_1","YES","LTU","2022","1"
"DH_1","NO","LUX","2022","1"
"DH_1","NO_1","MLT","2022","1"
"DH_1","NO","MCO","2022","1"
"DH_1","YES","MNE","2022","1"
"DH_1","YES","NLD","2022","1"
"DH_1","NO","MKD","2022","1"
"DH_1","YES","NOR","2022","1"
"DH_1","NO_1","POL","2022","1"
"DH_1","YES","PRT","2022","1"
"DH_1","NO","MDA","2022","1"
"DH_1","NO_1","UZB","2022","1"
"DH_1","NO_1","ROU","2022","1"
"DH_1","YES","RUS","2022","1"
"DH_1","NO_1","SMR","2022","1"
"DH_1","YES","SRB","2022","1"
"DH_1","NO","SVK","2022","1"
"DH_1","NO","SVN","2022","1"
"DH_1","YES","ESP","2022","1"
"DH_1","YES","SWE","2022","1"
"DH_1","YES","CHE","2022","1"
"DH_1","NO_1","TJK","2022","1"
"DH_1","NO_1","TKM","2022","1"
"DH_1","NO_1","TUR","2022","1"
"DH_1","YES","UKR","2022","1"
"DH_1","YES","GBR","2022","1"
"DH_2","NO_2","ALB","2022","1"
"DH_2","YES","AND","2022","1"
"DH_2","YES","ARM","2022","1"
"DH_2","YES","AUT","2022","1"
"DH_2","NO_2","AZE","2022","1"
"DH_2","YES","BLR","2022","1"
"DH_2","NO_2","BEL","2022","1"
"DH_2","MND_1","BIH","2022","1"
"DH_2","YES","BGR","2022","1"
"DH_2","NO_2","HRV","2022","1"
"DH_2","NO","CYP","2022","1"
"DH_2","YES","CZE","2022","1"
"DH_2","YES","DNK","2022","1"
"DH_2","NO_2","EST","2022","1"
"DH_2","NO_2","FIN","2022","1"
"DH_2","YES","FRA","2022","1"
"DH_2","NO_2","GEO","2022","1"
"DH_2","NO","DEU","2022","1"
"DH_2","NO_2","GRC","2022","1"
"DH_2","NO_2","HUN","2022","1"
"DH_2","NO_2","ISL","2022","1"
"DH_2","NO","IRL","2022","1"
"DH_2","NO_2","ISR","2022","1"
"DH_2","YES","ITA","2022","1"
"DH_2","NO_2","KAZ","2022","1"
"DH_2","NO_2","KGZ","2022","1"
"DH_2","YES","LVA","2022","1"
"DH_2","YES","LTU","2022","1"
"DH_2","NO","LUX","2022","1"
"DH_2","NO_2","MLT","2022","1"
"DH_2","NO","MCO","2022","1"
"DH_2","NO_2","MNE","2022","1"
"DH_2","NO","NLD","2022","1"
"DH_2","YES","MKD","2022","1"
"DH_2","YES","NOR","2022","1"
"DH_2","NO","POL","2022","1"
"DH_2","YES","PRT","2022","1"
"DH_2","NO","MDA","2022","1"
"DH_2","NO_2","UZB","2022","1"
"DH_2","NO_2","ROU","2022","1"
"DH_2","YES","RUS","2022","1"
"DH_2","YES","SMR","2022","1"
"DH_2","NO_2","SRB","2022","1"
"DH_2","YES","SVK","2022","1"
"DH_2","NO","SVN","2022","1"
"DH_2","NO_2","ESP","2022","1"
"DH_2","NO","SWE","2022","1"
"DH_2","YES","CHE","2022","1"
"DH_2","NO_2","TJK","2022","1"
"DH_2","YES","TKM","2022","1"
"DH_2","YES","TUR","2022","1"
"DH_2","YES","UKR","2022","1"
"DH_2","NO_2","GBR","2022","1"
"DH_3","NO_3","ALB","2022","1"
"DH_3","YES","AND","2022","1"
"DH_3","NO_3","ARM","2022","1"
"DH_3","NO_3","AUT","2022","1"
"DH_3","NO_3","AZE","2022","1"
"DH_3","NO_3","BLR","2022","1"
"DH_3","NO_3","BEL","2022","1"
"DH_3","MND_1","BIH","2022","1"
"DH_3","NO","BGR","2022","1"
"DH_3","NO_3","HRV","2022","1"
"DH_3","NO_3","CYP","2022","1"
"DH_3","NO_3","CZE","2022","1"
"DH_3","NO_3","DNK","2022","1"
"DH_3","MND_1","EST","2022","1"
"DH_3","NO_3","FIN","2022","1"
"DH_3","YES","FRA","2022","1"
"DH_3","NO_3","GEO","2022","1"
"DH_3","NO_3","DEU","2022","1"
"DH_3","NO_3","GRC","2022","1"
"DH_3","NO_3","HUN","2022","1"
"DH_3","YES","ISL","2022","1"
"DH_3","NO_3","IRL","2022","1"
"DH_3","YES","ISR","2022","1"
"DH_3","YES","ITA","2022","1"
"DH_3","NO_3","KAZ","2022","1"
"DH_3","NO_3","KGZ","2022","1"
"DH_3","NO_3","LVA","2022","1"
"DH_3","YES","LTU","2022","1"
"DH_3","NO","LUX","2022","1"
"DH_3","NO_3","MLT","2022","1"
"DH_3","MND_1","MCO","2022","1"
"DH_3","NO_3","MNE","2022","1"
"DH_3","NO","NLD","2022","1"
"DH_3","NO","MKD","2022","1"
"DH_3","NO_3","NOR","2022","1"
"DH_3","NO","POL","2022","1"
"DH_3","YES","PRT","2022","1"
"DH_3","NO","MDA","2022","1"
"DH_3","NO_3","UZB","2022","1"
"DH_3","NO_3","ROU","2022","1"
"DH_3","YES","RUS","2022","1"
"DH_3","NO","SMR","2022","1"
"DH_3","NO_3","SRB","2022","1"
"DH_3","NO","SVK","2022","1"
"DH_3","NO","SVN","2022","1"
"DH_3","NO_3","ESP","2022","1"
"DH_3","NO_3","SWE","2022","1"
"DH_3","NO_3","CHE","2022","1"
"DH_3","NO_3","TJK","2022","1"
"DH_3","NO_3","TKM","2022","1"
"DH_3","YES","TUR","2022","1"
"DH_3","YES","UKR","2022","1"
"DH_3","NO","GBR","2022","1"
"DH_4","YES","ALB","2022","1"
"DH_4","YES","AND","2022","1"
"DH_4","MND_1","ARM","2022","1"
"DH_4","YES","AUT","2022","1"
"DH_4","YES","AZE","2022","1"
"DH_4","YES","BLR","2022","1"
"DH_4","YES","BEL","2022","1"
"DH_4","MND_1","BIH","2022","1"
"DH_4","YES","BGR","2022","1"
"DH_4","YES","HRV","2022","1"
"DH_4","YES","CYP","2022","1"
"DH_4","YES","CZE","2022","1"
"DH_4","YES","DNK","2022","1"
"DH_4","YES","EST","2022","1"
"DH_4","YES","FIN","2022","1"
"DH_4","YES","FRA","2022","1"
"DH_4","YES","GEO","2022","1"
"DH_4","YES","DEU","2022","1"
"DH_4","YES","GRC","2022","1"
"DH_4","YES","HUN","2022","1"
"DH_4","YES","ISL","2022","1"
"DH_4","YES","IRL","2022","1"
"DH_4","YES","ISR","2022","1"
"DH_4","YES","ITA","2022","1"
"DH_4","YES","KAZ","2022","1"
"DH_4","YES","KGZ","2022","1"
"DH_4","YES","LVA","2022","1"
"DH_4","YES","LTU","2022","1"
"DH_4","YES","LUX","2022","1"
"DH_4","YES","MLT","2022","1"
"DH_4","YES","MCO","2022","1"
"DH_4","YES","MNE","2022","1"
"DH_4","YES","NLD","2022","1"
"DH_4","YES","MKD","2022","1"
"DH_4","YES","NOR","2022","1"
"DH_4","YES","POL","2022","1"
"DH_4","YES","PRT","2022","1"
"DH_4","YES","MDA","2022","1"
"DH_4","YES","UZB","2022","1"
"DH_4","YES","ROU","2022","1"
"DH_4","YES","RUS","2022","1"
"DH_4","YES","SMR","2022","1"
"DH_4","YES","SRB","2022","1"
"DH_4","YES","SVK","2022","1"
"DH_4","YES","SVN","2022","1"
"DH_4","YES","ESP","2022","1"
"DH_4","YES","SWE","2022","1"
"DH_4","YES","CHE","2022","1"
"DH_4","YES","TJK","2022","1"
"DH_4","YES","TKM","2022","1"
"DH_4","YES","TUR","2022","1"
"DH_4","YES","UKR","2022","1"
"DH_4","YES","GBR","2022","1"
"DH_5","NO","ALB","2022","1"
"DH_5","NO","AND","2022","1"
"DH_5","MND_1","ARM","2022","1"
"DH_5","NO","AUT","2022","1"
"DH_5","MND_1","AZE","2022","1"
"DH_5","NO","BLR","2022","1"
"DH_5","YES","BEL","2022","1"
"DH_5","MND_1","BIH","2022","1"
"DH_5","NO","BGR","2022","1"
"DH_5","NO","HRV","2022","1"
"DH_5","NO","CYP","2022","1"
"DH_5","YES","CZE","2022","1"
"DH_5","NO","DNK","2022","1"
"DH_5","NO","EST","2022","1"
"DH_5","YES","FIN","2022","1"
"DH_5","MND_1","FRA","2022","1"
"DH_5","YES","GEO","2022","1"
"DH_5","NO","DEU","2022","1"
"DH_5","MND_1","GRC","2022","1"
"DH_5","YES","HUN","2022","1"
"DH_5","NO","ISL","2022","1"
"DH_5","MND_1","IRL","2022","1"
"DH_5","YES","ISR","2022","1"
"DH_5","NO","ITA","2022","1"
"DH_5","YES","KAZ","2022","1"
"DH_5","NO","KGZ","2022","1"
"DH_5","YES","LVA","2022","1"
"DH_5","NO","LTU","2022","1"
"DH_5","NO","LUX","2022","1"
"DH_5","NO","MLT","2022","1"
"DH_5","NO","MCO","2022","1"
"DH_5","NO","MNE","2022","1"
"DH_5","YES","NLD","2022","1"
"DH_5","NO","MKD","2022","1"
"DH_5","NO","NOR","2022","1"
"DH_5","YES","POL","2022","1"
"DH_5","NO","PRT","2022","1"
"DH_5","NO","MDA","2022","1"
"DH_5","NO","UZB","2022","1"
"DH_5","YES","ROU","2022","1"
"DH_5","YES","RUS","2022","1"
"DH_5","NO","SMR","2022","1"
"DH_5","NO","SRB","2022","1"
"DH_5","NO","SVK","2022","1"
"DH_5","MND_1","SVN","2022","1"
"DH_5","YES","ESP","2022","1"
"DH_5","YES","SWE","2022","1"
"DH_5","YES","CHE","2022","1"
"DH_5","YES","TJK","2022","1"
"DH_5","MND_1","TKM","2022","1"
"DH_5","YES","TUR","2022","1"
"DH_5","YES","UKR","2022","1"
"DH_5","NO","GBR","2022","1"
"DH_6","YES","ALB","2022","1"
"DH_6","NO","AND","2022","1"
"DH_6","MND_1","ARM","2022","1"
"DH_6","NO","AUT","2022","1"
"DH_6","MND_1","AZE","2022","1"
"DH_6","YES","BLR","2022","1"
"DH_6","MND_1","BEL","2022","1"
"DH_6","MND_1","BIH","2022","1"
"DH_6","NO","BGR","2022","1"
"DH_6","YES","HRV","2022","1"
"DH_6","NO","CYP","2022","1"
"DH_6","YES","CZE","2022","1"
"DH_6","YES","DNK","2022","1"
"DH_6","YES","EST","2022","1"
"DH_6","MND_1","FIN","2022","1"
"DH_6","MND_1","FRA","2022","1"
"DH_6","YES","GEO","2022","1"
"DH_6","NO","DEU","2022","1"
"DH_6","MND_1","GRC","2022","1"
"DH_6","MND_1","HUN","2022","1"
"DH_6","NO","ISL","2022","1"
"DH_6","MND_1","IRL","2022","1"
"DH_6","YES","ISR","2022","1"
"DH_6","NO","ITA","2022","1"
"DH_6","NO","KAZ","2022","1"
"DH_6","YES","KGZ","2022","1"
"DH_6","MND_1","LVA","2022","1"
"DH_6","NO","LTU","2022","1"
"DH_6","NO","LUX","2022","1"
"DH_6","NO","MLT","2022","1"
"DH_6","NO","MCO","2022","1"
"DH_6","YES","MNE","2022","1"
"DH_6","MND_1","NLD","2022","1"
"DH_6","YES","MKD","2022","1"
"DH_6","YES","NOR","2022","1"
"DH_6","NO","POL","2022","1"
"DH_6","NO","PRT","2022","1"
"DH_6","YES","MDA","2022","1"
"DH_6","YES","UZB","2022","1"
"DH_6","YES","ROU","2022","1"
"DH_6","NO","RUS","2022","1"
"DH_6","NO","SMR","2022","1"
"DH_6","YES","SRB","2022","1"
"DH_6","NO","SVK","2022","1"
"DH_6","MND_1","SVN","2022","1"
"DH_6","NO","ESP","2022","1"
"DH_6","YES","SWE","2022","1"
"DH_6","NO","CHE","2022","1"
"DH_6","YES","TJK","2022","1"
"DH_6","MND_1","TKM","2022","1"
"DH_6","NO","TUR","2022","1"
"DH_6","YES","UKR","2022","1"
"DH_6","NO","GBR","2022","1"
"DH_7","YES","ALB","2022","1"
"DH_7","NO","AND","2022","1"
"DH_7","MND_1","ARM","2022","1"
"DH_7","YES","AUT","2022","1"
"DH_7","YES","AZE","2022","1"
"DH_7","NO","BLR","2022","1"
"DH_7","YES","BEL","2022","1"
"DH_7","MND_1","BIH","2022","1"
"DH_7","NO","BGR","2022","1"
"DH_7","YES","HRV","2022","1"
"DH_7","NO","CYP","2022","1"
"DH_7","NO","CZE","2022","1"
"DH_7","NO","DNK","2022","1"
"DH_7","YES","EST","2022","1"
"DH_7","YES","FIN","2022","1"
"DH_7","YES","FRA","2022","1"
"DH_7","NO","GEO","2022","1"
"DH_7","MND_1","DEU","2022","1"
"DH_7","YES","GRC","2022","1"
"DH_7","MND_1","HUN","2022","1"
"DH_7","YES","ISL","2022","1"
"DH_7","MND_1","IRL","2022","1"
"DH_7","YES","ISR","2022","1"
"DH_7","NO","ITA","2022","1"
"DH_7","YES","KAZ","2022","1"
"DH_7","NO","KGZ","2022","1"
"DH_7","NO","LVA","2022","1"
"DH_7","NO","LTU","2022","1"
"DH_7","YES","LUX","2022","1"
"DH_7","NO","MLT","2022","1"
"DH_7","NO","MCO","2022","1"
"DH_7","NO","MNE","2022","1"
"DH_7","YES","NLD","2022","1"
"DH_7","NO","MKD","2022","1"
"DH_7","YES","NOR","2022","1"
"DH_7","NO","POL","2022","1"
"DH_7","NO","PRT","2022","1"
"DH_7","NO","MDA","2022","1"
"DH_7","YES","UZB","2022","1"
"DH_7","MND_1","ROU","2022","1"
"DH_7","NO","RUS","2022","1"
"DH_7","NO","SMR","2022","1"
"DH_7","NO","SRB","2022","1"
"DH_7","NO","SVK","2022","1"
"DH_7","MND_1","SVN","2022","1"
"DH_7","YES","ESP","2022","1"
"DH_7","YES","SWE","2022","1"
"DH_7","NO","CHE","2022","1"
"DH_7","YES","TJK","2022","1"
"DH_7","MND_1","TKM","2022","1"
"DH_7","YES","TUR","2022","1"
"DH_7","NO","UKR","2022","1"
"DH_7","NO","GBR","2022","1"
"DH_8","YES","ALB","2022","1"
"DH_8","YES","AND","2022","1"
"DH_8","NO","ARM","2022","1"
"DH_8","NO","AUT","2022","1"
"DH_8","YES","AZE","2022","1"
"DH_8","NO_4","BLR","2022","1"
"DH_8","YES","BEL","2022","1"
"DH_8","MND_1","BIH","2022","1"
"DH_8","MND_1","BGR","2022","1"
"DH_8","NO","HRV","2022","1"
"DH_8","NO_4","CYP","2022","1"
"DH_8","NO","CZE","2022","1"
"DH_8","YES","DNK","2022","1"
"DH_8","NO","EST","2022","1"
"DH_8","NO","FIN","2022","1"
"DH_8","YES","FRA","2022","1"
"DH_8","NO_4","GEO","2022","1"
"DH_8","NO","DEU","2022","1"
"DH_8","NO","GRC","2022","1"
"DH_8","YES","HUN","2022","1"
"DH_8","NO","ISL","2022","1"
"DH_8","NO","IRL","2022","1"
"DH_8","NO","ISR","2022","1"
"DH_8","NO_4","ITA","2022","1"
"DH_8","NO_4","KAZ","2022","1"
"DH_8","NO","KGZ","2022","1"
"DH_8","NO_4","LVA","2022","1"
"DH_8","NO","LTU","2022","1"
"DH_8","NO","LUX","2022","1"
"DH_8","NO","MLT","2022","1"
"DH_8","NO","MCO","2022","1"
"DH_8","NO","MNE","2022","1"
"DH_8","YES","NLD","2022","1"
"DH_8","NO","MKD","2022","1"
"DH_8","YES","NOR","2022","1"
"DH_8","NO_4","POL","2022","1"
"DH_8","YES","PRT","2022","1"
"DH_8","NO","MDA","2022","1"
"DH_8","YES","UZB","2022","1"
"DH_8","NO","ROU","2022","1"
"DH_8","YES","RUS","2022","1"
"DH_8","NO","SMR","2022","1"
"DH_8","NO_4","SRB","2022","1"
"DH_8","NO","SVK","2022","1"
"DH_8","NO","SVN","2022","1"
"DH_8","YES","ESP","2022","1"
"DH_8","NO","SWE","2022","1"
"DH_8","YES","CHE","2022","1"
"DH_8","YES","TJK","2022","1"
"DH_8","YES","TKM","2022","1"
"DH_8","NO_4","TUR","2022","1"
"DH_8","NO_4","UKR","2022","1"
"DH_8","YES","GBR","2022","1"
"DH_9","YES","ALB","2022","1"
"DH_9","MND_1","AND","2022","1"
"DH_9","YES","ARM","2022","1"
"DH_9","MND_1","AUT","2022","1"
"DH_9","YES","AZE","2022","1"
"DH_9","NO","BLR","2022","1"
"DH_9","MND_1","BEL","2022","1"
"DH_9","MND_1","BIH","2022","1"
"DH_9","MND_1","BGR","2022","1"
"DH_9","YES","HRV","2022","1"
"DH_9","YES","CYP","2022","1"
"DH_9","NO","CZE","2022","1"
"DH_9","YES","DNK","2022","1"
"DH_9","YES","EST","2022","1"
"DH_9","YES","FIN","2022","1"
"DH_9","YES","FRA","2022","1"
"DH_9","YES","GEO","2022","1"
"DH_9","MND_1","DEU","2022","1"
"DH_9","MND_1","GRC","2022","1"
"DH_9","YES","HUN","2022","1"
"DH_9","NO","ISL","2022","1"
"DH_9","YES","IRL","2022","1"
"DH_9","YES","ISR","2022","1"
"DH_9","YES","ITA","2022","1"
"DH_9","YES","KAZ","2022","1"
"DH_9","NO","KGZ","2022","1"
"DH_9","MND_1","LVA","2022","1"
"DH_9","NO","LTU","2022","1"
"DH_9","NO","LUX","2022","1"
"DH_9","MND_1","MLT","2022","1"
"DH_9","MND_1","MCO","2022","1"
"DH_9","MND_1","MNE","2022","1"
"DH_9","YES","NLD","2022","1"
"DH_9","YES","MKD","2022","1"
"DH_9","YES","NOR","2022","1"
"DH_9","NO","POL","2022","1"
"DH_9","YES","PRT","2022","1"
"DH_9","NO","MDA","2022","1"
"DH_9","YES","UZB","2022","1"
"DH_9","YES","ROU","2022","1"
"DH_9","MND_1","RUS","2022","1"
"DH_9","NO","SMR","2022","1"
"DH_9","NO","SRB","2022","1"
"DH_9","NO","SVK","2022","1"
"DH_9","NO","SVN","2022","1"
"DH_9","YES","ESP","2022","1"
"DH_9","YES","SWE","2022","1"
"DH_9","YES","CHE","2022","1"
"DH_9","YES","TJK","2022","1"
"DH_9","YES","TKM","2022","1"
"DH_9","YES","TUR","2022","1"
"DH_9","YES","UKR","2022","1"
"DH_9","YES","GBR","2022","1"
"DH_10","YES","ALB","2022","1"
"DH_10","MND_1","AND","2022","1"
"DH_10","NO","ARM","2022","1"
"DH_10","YES","AUT","2022","1"
"DH_10","YES","AZE","2022","1"
"DH_10","NO","BLR","2022","1"
"DH_10","YES","BEL","2022","1"
"DH_10","MND_1","BIH","2022","1"
"DH_10","MND_1","BGR","2022","1"
"DH_10","MND_1","HRV","2022","1"
"DH_10","YES","CYP","2022","1"
"DH_10","NO","CZE","2022","1"
"DH_10","YES","DNK","2022","1"
"DH_10","YES","EST","2022","1"
"DH_10","YES","FIN","2022","1"
"DH_10","YES","FRA","2022","1"
"DH_10","NO","GEO","2022","1"
"DH_10","MND_1","DEU","2022","1"
"DH_10","YES","GRC","2022","1"
"DH_10","YES","HUN","2022","1"
"DH_10","NO","ISL","2022","1"
"DH_10","YES","IRL","2022","1"
"DH_10","NO","ISR","2022","1"
"DH_10","NO","ITA","2022","1"
"DH_10","NO","KAZ","2022","1"
"DH_10","NO","KGZ","2022","1"
"DH_10","YES","LVA","2022","1"
"DH_10","NO","LTU","2022","1"
"DH_10","YES","LUX","2022","1"
"DH_10","YES","MLT","2022","1"
"DH_10","NO","MCO","2022","1"
"DH_10","NO","MNE","2022","1"
"DH_10","YES","NLD","2022","1"
"DH_10","NO","MKD","2022","1"
"DH_10","YES","NOR","2022","1"
"DH_10","YES","POL","2022","1"
"DH_10","YES","PRT","2022","1"
"DH_10","NO","MDA","2022","1"
"DH_10","YES","UZB","2022","1"
"DH_10","YES","ROU","2022","1"
"DH_10","YES","RUS","2022","1"
"DH_10","NO","SMR","2022","1"
"DH_10","NO","SRB","2022","1"
"DH_10","NO","SVK","2022","1"
"DH_10","NO","SVN","2022","1"
"DH_10","YES","ESP","2022","1"
"DH_10","YES","SWE","2022","1"
"DH_10","YES","CHE","2022","1"
"DH_10","YES","TJK","2022","1"
"DH_10","MND_1","TKM","2022","1"
"DH_10","YES","TUR","2022","1"
"DH_10","NO","UKR","2022","1"
"DH_10","YES","GBR","2022","1"
"DH_11","YES","ALB","2022","1"
"DH_11","YES","AND","2022","1"
"DH_11","YES","ARM","2022","1"
"DH_11","YES","AUT","2022","1"
"DH_11","YES","AZE","2022","1"
"DH_11","YES","BLR","2022","1"
"DH_11","YES","BEL","2022","1"
"DH_11","MND_1","BIH","2022","1"
"DH_11","YES","BGR","2022","1"
"DH_11","YES","HRV","2022","1"
"DH_11","YES","CYP","2022","1"
"DH_11","YES","CZE","2022","1"
"DH_11","YES","DNK","2022","1"
"DH_11","YES","EST","2022","1"
"DH_11","YES","FIN","2022","1"
"DH_11","YES","FRA","2022","1"
"DH_11","YES","GEO","2022","1"
"DH_11","YES","DEU","2022","1"
"DH_11","YES","GRC","2022","1"
"DH_11","YES","HUN","2022","1"
"DH_11","YES","ISL","2022","1"
"DH_11","YES","IRL","2022","1"
"DH_11","YES","ISR","2022","1"
"DH_11","YES","ITA","2022","1"
"DH_11","YES","KAZ","2022","1"
"DH_11","YES","KGZ","2022","1"
"DH_11","YES","LVA","2022","1"
"DH_11","YES","LTU","2022","1"
"DH_11","YES","LUX","2022","1"
"DH_11","YES","MLT","2022","1"
"DH_11","YES","MCO","2022","1"
"DH_11","YES","MNE","2022","1"
"DH_11","YES","NLD","2022","1"
"DH_11","YES","MKD","2022","1"
"DH_11","YES","NOR","2022","1"
"DH_11","YES","POL","2022","1"
"DH_11","YES","PRT","2022","1"
"DH_11","YES","MDA","2022","1"
"DH_11","MND_1","UZB","2022","1"
"DH_11","YES","ROU","2022","1"
"DH_11","YES","RUS","2022","1"
"DH_11","YES","SMR","2022","1"
"DH_11","MND_1","SRB","2022","1"
"DH_11","YES","SVK","2022","1"
"DH_11","YES","SVN","2022","1"
"DH_11","YES","ESP","2022","1"
"DH_11","YES","SWE","2022","1"
"DH_11","YES","CHE","2022","1"
"DH_11","YES","TJK","2022","1"
"DH_11","YES","TKM","2022","1"
"DH_11","YES","TUR","2022","1"
"DH_11","YES","UKR","2022","1"
"DH_11","YES","GBR","2022","1"
"DH_12","YES","ALB","2022","1"
"DH_12","YES","AND","2022","1"
"DH_12","YES","ARM","2022","1"
"DH_12","YES","AUT","2022","1"
"DH_12","YES","AZE","2022","1"
"DH_12","YES","BLR","2022","1"
"DH_12","YES","BEL","2022","1"
"DH_12","MND_1","BIH","2022","1"
"DH_12","YES","BGR","2022","1"
"DH_12","YES","HRV","2022","1"
"DH_12","YES","CYP","2022","1"
"DH_12","NO","CZE","2022","1"
"DH_12","YES","DNK","2022","1"
"DH_12","YES","EST","2022","1"
"DH_12","YES","FIN","2022","1"
"DH_12","YES","FRA","2022","1"
"DH_12","YES","GEO","2022","1"
"DH_12","YES","DEU","2022","1"
"DH_12","YES","GRC","2022","1"
"DH_12","YES","HUN","2022","1"
"DH_12","YES","ISL","2022","1"
"DH_12","YES","IRL","2022","1"
"DH_12","YES","ISR","2022","1"
"DH_12","YES","ITA","2022","1"
"DH_12","YES","KAZ","2022","1"
"DH_12","YES","KGZ","2022","1"
"DH_12","YES","LVA","2022","1"
"DH_12","YES","LTU","2022","1"
"DH_12","YES","LUX","2022","1"
"DH_12","YES","MLT","2022","1"
"DH_12","YES","MCO","2022","1"
"DH_12","YES","MNE","2022","1"
"DH_12","YES","NLD","2022","1"
"DH_12","YES","MKD","2022","1"
"DH_12","YES","NOR","2022","1"
"DH_12","YES","POL","2022","1"
"DH_12","YES","PRT","2022","1"
"DH_12","NO","MDA","2022","1"
"DH_12","NO","UZB","2022","1"
"DH_12","YES","ROU","2022","1"
"DH_12","YES","RUS","2022","1"
"DH_12","NO","SMR","2022","1"
"DH_12","NO","SRB","2022","1"
"DH_12","YES","SVK","2022","1"
"DH_12","YES","SVN","2022","1"
"DH_12","YES","ESP","2022","1"
"DH_12","YES","SWE","2022","1"
"DH_12","YES","CHE","2022","1"
"DH_12","YES","TJK","2022","1"
"DH_12","YES","TKM","2022","1"
"DH_12","YES","TUR","2022","1"
"DH_12","YES","UKR","2022","1"
"DH_12","YES","GBR","2022","1"
"DH_13","YES","ALB","2022","1"
"DH_13","YES","AND","2022","1"
"DH_13","YES","ARM","2022","1"
"DH_13","MND_1","AUT","2022","1"
"DH_13","YES","AZE","2022","1"
"DH_13","YES","BLR","2022","1"
"DH_13","YES","BEL","2022","1"
"DH_13","MND_1","BIH","2022","1"
"DH_13","YES","BGR","2022","1"
"DH_13","NO","HRV","2022","1"
"DH_13","YES","CYP","2022","1"
"DH_13","NO","CZE","2022","1"
"DH_13","YES","DNK","2022","1"
"DH_13","YES","EST","2022","1"
"DH_13","YES","FIN","2022","1"
"DH_13","YES","FRA","2022","1"
"DH_13","NO","GEO","2022","1"
"DH_13","YES","DEU","2022","1"
"DH_13","YES","GRC","2022","1"
"DH_13","YES","HUN","2022","1"
"DH_13","YES","ISL","2022","1"
"DH_13","NO","IRL","2022","1"
"DH_13","YES","ISR","2022","1"
"DH_13","YES","ITA","2022","1"
"DH_13","YES","KAZ","2022","1"
"DH_13","NO","KGZ","2022","1"
"DH_13","YES","LVA","2022","1"
"DH_13","YES","LTU","2022","1"
"DH_13","YES","LUX","2022","1"
"DH_13","NO","MLT","2022","1"
"DH_13","MND_1","MCO","2022","1"
"DH_13","NO","MNE","2022","1"
"DH_13","YES","NLD","2022","1"
"DH_13","YES","MKD","2022","1"
"DH_13","YES","NOR","2022","1"
"DH_13","NO","POL","2022","1"
"DH_13","YES","PRT","2022","1"
"DH_13","NO","MDA","2022","1"
"DH_13","NO","UZB","2022","1"
"DH_13","YES","ROU","2022","1"
"DH_13","YES","RUS","2022","1"
"DH_13","NO","SMR","2022","1"
"DH_13","YES","SRB","2022","1"
"DH_13","NO","SVK","2022","1"
"DH_13","NO","SVN","2022","1"
"DH_13","YES","ESP","2022","1"
"DH_13","YES","SWE","2022","1"
"DH_13","YES","CHE","2022","1"
"DH_13","YES","TJK","2022","1"
"DH_13","YES","TKM","2022","1"
"DH_13","YES","TUR","2022","1"
"DH_13","YES","UKR","2022","1"
"DH_13","YES","GBR","2022","1"
"DH_14","YES","ALB","2022","1"
"DH_14","YES","AND","2022","1"
"DH_14","YES","ARM","2022","1"
"DH_14","YES","AUT","2022","1"
"DH_14","YES","AZE","2022","1"
"DH_14","YES","BLR","2022","1"
"DH_14","NO","BEL","2022","1"
"DH_14","MND_1","BIH","2022","1"
"DH_14","YES","BGR","2022","1"
"DH_14","YES","HRV","2022","1"
"DH_14","YES","CYP","2022","1"
"DH_14","NO","CZE","2022","1"
"DH_14","YES","DNK","2022","1"
"DH_14","YES","EST","2022","1"
"DH_14","YES","FIN","2022","1"
"DH_14","YES","FRA","2022","1"
"DH_14","YES","GEO","2022","1"
"DH_14","YES","DEU","2022","1"
"DH_14","YES","GRC","2022","1"
"DH_14","YES","HUN","2022","1"
"DH_14","YES","ISL","2022","1"
"DH_14","NO","IRL","2022","1"
"DH_14","YES","ISR","2022","1"
"DH_14","YES","ITA","2022","1"
"DH_14","YES","KAZ","2022","1"
"DH_14","NO","KGZ","2022","1"
"DH_14","YES","LVA","2022","1"
"DH_14","YES","LTU","2022","1"
"DH_14","YES","LUX","2022","1"
"DH_14","YES","MLT","2022","1"
"DH_14","YES","MCO","2022","1"
"DH_14","YES","MNE","2022","1"
"DH_14","YES","NLD","2022","1"
"DH_14","NO","MKD","2022","1"
"DH_14","YES","NOR","2022","1"
"DH_14","YES","POL","2022","1"
"DH_14","YES","PRT","2022","1"
"DH_14","NO","MDA","2022","1"
"DH_14","YES","UZB","2022","1"
"DH_14","YES","ROU","2022","1"
"DH_14","YES","RUS","2022","1"
"DH_14","NO","SMR","2022","1"
"DH_14","YES","SRB","2022","1"
"DH_14","YES","SVK","2022","1"
"DH_14","YES","SVN","2022","1"
"DH_14","YES","ESP","2022","1"
"DH_14","YES","SWE","2022","1"
"DH_14","YES","CHE","2022","1"
"DH_14","MND_1","TJK","2022","1"
"DH_14","YES","TKM","2022","1"
"DH_14","YES","TUR","2022","1"
"DH_14","YES","UKR","2022","1"
"DH_14","YES","GBR","2022","1"
"DH_15","YES","ALB","2022","1"
"DH_15","YES","AND","2022","1"
"DH_15","NO","ARM","2022","1"
"DH_15","YES","AUT","2022","1"
"DH_15","YES","AZE","2022","1"
"DH_15","YES","BLR","2022","1"
"DH_15","NO","BEL","2022","1"
"DH_15","MND_1","BIH","2022","1"
"DH_15","YES","BGR","2022","1"
"DH_15","YES","HRV","2022","1"
"DH_15","YES","CYP","2022","1"
"DH_15","NO","CZE","2022","1"
"DH_15","YES","DNK","2022","1"
"DH_15","YES","EST","2022","1"
"DH_15","YES","FIN","2022","1"
"DH_15","MND_1","FRA","2022","1"
"DH_15","YES","GEO","2022","1"
"DH_15","YES","DEU","2022","1"
"DH_15","MND_1","GRC","2022","1"
"DH_15","YES","HUN","2022","1"
"DH_15","YES","ISL","2022","1"
"DH_15","NO","IRL","2022","1"
"DH_15","YES","ISR","2022","1"
"DH_15","YES","ITA","2022","1"
"DH_15","YES","KAZ","2022","1"
"DH_15","NO","KGZ","2022","1"
"DH_15","YES","LVA","2022","1"
"DH_15","YES","LTU","2022","1"
"DH_15","YES","LUX","2022","1"
"DH_15","YES","MLT","2022","1"
"DH_15","YES","MCO","2022","1"
"DH_15","YES","MNE","2022","1"
"DH_15","YES","NLD","2022","1"
"DH_15","NO","MKD","2022","1"
"DH_15","YES","NOR","2022","1"
"DH_15","YES","POL","2022","1"
"DH_15","YES","PRT","2022","1"
"DH_15","NO","MDA","2022","1"
"DH_15","YES","UZB","2022","1"
"DH_15","YES","ROU","2022","1"
"DH_15","YES","RUS","2022","1"
"DH_15","NO","SMR","2022","1"
"DH_15","YES","SRB","2022","1"
"DH_15","YES","SVK","2022","1"
"DH_15","YES","SVN","2022","1"
"DH_15","YES","ESP","2022","1"
"DH_15","YES","SWE","2022","1"
"DH_15","YES","CHE","2022","1"
"DH_15","MND_1","TJK","2022","1"
"DH_15","MND_1","TKM","2022","1"
"DH_15","YES","TUR","2022","1"
"DH_15","YES","UKR","2022","1"
"DH_15","YES","GBR","2022","1"
"DH_16","MND_1","ALB","2022","1"
"DH_16","YES","AND","2022","1"
"DH_16","NO","ARM","2022","1"
"DH_16","NO","AUT","2022","1"
"DH_16","MND_1","AZE","2022","1"
"DH_16","YES","BLR","2022","1"
"DH_16","NO","BEL","2022","1"
"DH_16","MND_1","BIH","2022","1"
"DH_16","NO","BGR","2022","1"
"DH_16","YES","HRV","2022","1"
"DH_16","YES","CYP","2022","1"
"DH_16","NO","CZE","2022","1"
"DH_16","NO","DNK","2022","1"
"DH_16","NO","EST","2022","1"
"DH_16","NO","FIN","2022","1"
"DH_16","YES","FRA","2022","1"
"DH_16","YES","GEO","2022","1"
"DH_16","YES","DEU","2022","1"
"DH_16","NO","GRC","2022","1"
"DH_16","NO","HUN","2022","1"
"DH_16","NO","ISL","2022","1"
"DH_16","NO","IRL","2022","1"
"DH_16","YES","ISR","2022","1"
"DH_16","YES","ITA","2022","1"
"DH_16","NO","KAZ","2022","1"
"DH_16","NO","KGZ","2022","1"
"DH_16","NO","LVA","2022","1"
"DH_16","NO","LTU","2022","1"
"DH_16","YES","LUX","2022","1"
"DH_16","NO","MLT","2022","1"
"DH_16","YES","MCO","2022","1"
"DH_16","NO","MNE","2022","1"
"DH_16","YES","NLD","2022","1"
"DH_16","NO","MKD","2022","1"
"DH_16","YES","NOR","2022","1"
"DH_16","NO","POL","2022","1"
"DH_16","NO","PRT","2022","1"
"DH_16","NO","MDA","2022","1"
"DH_16","YES","UZB","2022","1"
"DH_16","YES","ROU","2022","1"
"DH_16","NO","RUS","2022","1"
"DH_16","NO","SMR","2022","1"
"DH_16","NO","SRB","2022","1"
"DH_16","YES","SVK","2022","1"
"DH_16","NO","SVN","2022","1"
"DH_16","YES","ESP","2022","1"
"DH_16","NO","SWE","2022","1"
"DH_16","YES","CHE","2022","1"
"DH_16","MND_1","TJK","2022","1"
"DH_16","MND_1","TKM","2022","1"
"DH_16","YES","TUR","2022","1"
"DH_16","NO","UKR","2022","1"
"DH_16","YES","GBR","2022","1"
"DH_17","YES","ALB","2022","1"
"DH_17","YES","AND","2022","1"
"DH_17","YES","ARM","2022","1"
"DH_17","YES","AUT","2022","1"
"DH_17","MND_1","AZE","2022","1"
"DH_17","NO","BLR","2022","1"
"DH_17","YES","BEL","2022","1"
"DH_17","MND_1","BIH","2022","1"
"DH_17","YES","BGR","2022","1"
"DH_17","YES","HRV","2022","1"
"DH_17","YES","CYP","2022","1"
"DH_17","NO","CZE","2022","1"
"DH_17","YES","DNK","2022","1"
"DH_17","YES","EST","2022","1"
"DH_17","YES","FIN","2022","1"
"DH_17","YES","FRA","2022","1"
"DH_17","YES","GEO","2022","1"
"DH_17","YES","DEU","2022","1"
"DH_17","NO","GRC","2022","1"
"DH_17","YES","HUN","2022","1"
"DH_17","NO","ISL","2022","1"
"DH_17","NO","IRL","2022","1"
"DH_17","MND_1","ISR","2022","1"
"DH_17","YES","ITA","2022","1"
"DH_17","YES","KAZ","2022","1"
"DH_17","NO","KGZ","2022","1"
"DH_17","YES","LVA","2022","1"
"DH_17","YES","LTU","2022","1"
"DH_17","YES","LUX","2022","1"
"DH_17","YES","MLT","2022","1"
"DH_17","MND_1","MCO","2022","1"
"DH_17","NO","MNE","2022","1"
"DH_17","YES","NLD","2022","1"
"DH_17","NO","MKD","2022","1"
"DH_17","YES","NOR","2022","1"
"DH_17","NO","POL","2022","1"
"DH_17","YES","PRT","2022","1"
"DH_17","NO","MDA","2022","1"
"DH_17","YES","UZB","2022","1"
"DH_17","YES","ROU","2022","1"
"DH_17","NO","RUS","2022","1"
"DH_17","NO","SMR","2022","1"
"DH_17","NO","SRB","2022","1"
"DH_17","YES","SVK","2022","1"
"DH_17","NO","SVN","2022","1"
"DH_17","YES","ESP","2022","1"
"DH_17","YES","SWE","2022","1"
"DH_17","YES","CHE","2022","1"
"DH_17","MND_1","TJK","2022","1"
"DH_17","MND_1","TKM","2022","1"
"DH_17","YES","TUR","2022","1"
"DH_17","NO","UKR","2022","1"
"DH_17","NO","GBR","2022","1"
"DH_18","YES","ALB","2022","1"
"DH_18","YES","AND","2022","1"
"DH_18","YES","ARM","2022","1"
"DH_18","YES","AUT","2022","1"
"DH_18","YES","AZE","2022","1"
"DH_18","NO","BLR","2022","1"
"DH_18","YES","BEL","2022","1"
"DH_18","MND_1","BIH","2022","1"
"DH_18","YES","BGR","2022","1"
"DH_18","YES","HRV","2022","1"
"DH_18","NO","CYP","2022","1"
"DH_18","YES","CZE","2022","1"
"DH_18","YES","DNK","2022","1"
"DH_18","YES","EST","2022","1"
"DH_18","YES","FIN","2022","1"
"DH_18","YES","FRA","2022","1"
"DH_18","YES","GEO","2022","1"
"DH_18","YES","DEU","2022","1"
"DH_18","NO","GRC","2022","1"
"DH_18","YES","HUN","2022","1"
"DH_18","YES","ISL","2022","1"
"DH_18","YES","IRL","2022","1"
"DH_18","YES","ISR","2022","1"
"DH_18","YES","ITA","2022","1"
"DH_18","YES","KAZ","2022","1"
"DH_18","YES","KGZ","2022","1"
"DH_18","YES","LVA","2022","1"
"DH_18","YES","LTU","2022","1"
"DH_18","YES","LUX","2022","1"
"DH_18","YES","MLT","2022","1"
"DH_18","YES","MCO","2022","1"
"DH_18","YES","MNE","2022","1"
"DH_18","YES","NLD","2022","1"
"DH_18","NO","MKD","2022","1"
"DH_18","YES","NOR","2022","1"
"DH_18","YES","POL","2022","1"
"DH_18","YES","PRT","2022","1"
"DH_18","NO","MDA","2022","1"
"DH_18","YES","UZB","2022","1"
"DH_18","YES","ROU","2022","1"
"DH_18","NO","RUS","2022","1"
"DH_18","YES","SMR","2022","1"
"DH_18","YES","SRB","2022","1"
"DH_18","YES","SVK","2022","1"
"DH_18","YES","SVN","2022","1"
"DH_18","YES","ESP","2022","1"
"DH_18","YES","SWE","2022","1"
"DH_18","YES","CHE","2022","1"
"DH_18","MND_1","TJK","2022","1"
"DH_18","YES","TKM","2022","1"
"DH_18","YES","TUR","2022","1"
"DH_18","YES","UKR","2022","1"
"DH_18","YES","GBR","2022","1"
"DH_19","YES","ALB","2022","1"
"DH_19","YES","AND","2022","1"
"DH_19","NO","ARM","2022","1"
"DH_19","YES","AUT","2022","1"
"DH_19","YES","AZE","2022","1"
"DH_19","YES","BLR","2022","1"
"DH_19","YES","BEL","2022","1"
"DH_19","MND_1","BIH","2022","1"
"DH_19","YES","BGR","2022","1"
"DH_19","YES","HRV","2022","1"
"DH_19","YES","CYP","2022","1"
"DH_19","NO","CZE","2022","1"
"DH_19","YES","DNK","2022","1"
"DH_19","YES","EST","2022","1"
"DH_19","YES","FIN","2022","1"
"DH_19","YES","FRA","2022","1"
"DH_19","YES","GEO","2022","1"
"DH_19","YES","DEU","2022","1"
"DH_19","YES","GRC","2022","1"
"DH_19","YES","HUN","2022","1"
"DH_19","YES","ISL","2022","1"
"DH_19","YES","IRL","2022","1"
"DH_19","NO","ISR","2022","1"
"DH_19","YES","ITA","2022","1"
"DH_19","YES","KAZ","2022","1"
"DH_19","YES","KGZ","2022","1"
"DH_19","YES","LVA","2022","1"
"DH_19","NO","LTU","2022","1"
"DH_19","NO","LUX","2022","1"
"DH_19","NO","MLT","2022","1"
"DH_19","NO","MCO","2022","1"
"DH_19","YES","MNE","2022","1"
"DH_19","YES","NLD","2022","1"
"DH_19","NO","MKD","2022","1"
"DH_19","YES","NOR","2022","1"
"DH_19","YES","POL","2022","1"
"DH_19","YES","PRT","2022","1"
"DH_19","NO","MDA","2022","1"
"DH_19","YES","UZB","2022","1"
"DH_19","NO","ROU","2022","1"
"DH_19","YES","RUS","2022","1"
"DH_19","NO","SMR","2022","1"
"DH_19","YES","SRB","2022","1"
"DH_19","YES","SVK","2022","1"
"DH_19","NO","SVN","2022","1"
"DH_19","YES","ESP","2022","1"
"DH_19","YES","SWE","2022","1"
"DH_19","YES","CHE","2022","1"
"DH_19","YES","TJK","2022","1"
"DH_19","YES","TKM","2022","1"
"DH_19","YES","TUR","2022","1"
"DH_19","YES","UKR","2022","1"
"DH_19","MND_1","GBR","2022","1"
"DH_20","NO","ALB","2022","1"
"DH_20","NO","AND","2022","1"
"DH_20","NO","ARM","2022","1"
"DH_20","YES","AUT","2022","1"
"DH_20","NO","AZE","2022","1"
"DH_20","MND_1","BLR","2022","1"
"DH_20","YES","BEL","2022","1"
"DH_20","MND_1","BIH","2022","1"
"DH_20","NO","BGR","2022","1"
"DH_20","NO","HRV","2022","1"
"DH_20","NO","CYP","2022","1"
"DH_20","NO","CZE","2022","1"
"DH_20","YES","DNK","2022","1"
"DH_20","NO","EST","2022","1"
"DH_20","YES","FIN","2022","1"
"DH_20","NO","FRA","2022","1"
"DH_20","NO","GEO","2022","1"
"DH_20","NO","DEU","2022","1"
"DH_20","NO","GRC","2022","1"
"DH_20","NO","HUN","2022","1"
"DH_20","NO","ISL","2022","1"
"DH_20","MND_1","IRL","2022","1"
"DH_20","NO","ISR","2022","1"
"DH_20","YES","ITA","2022","1"
"DH_20","MND_1","KAZ","2022","1"
"DH_20","MND_1","KGZ","2022","1"
"DH_20","NO","LVA","2022","1"
"DH_20","NO","LTU","2022","1"
"DH_20","NO","LUX","2022","1"
"DH_20","NO","MLT","2022","1"
"DH_20","NO","MCO","2022","1"
"DH_20","MND_1","MNE","2022","1"
"DH_20","NO","NLD","2022","1"
"DH_20","NO","MKD","2022","1"
"DH_20","NO","NOR","2022","1"
"DH_20","NO","POL","2022","1"
"DH_20","NO","PRT","2022","1"
"DH_20","NO","MDA","2022","1"
"DH_20","YES","UZB","2022","1"
"DH_20","NO","ROU","2022","1"
"DH_20","MND_1","RUS","2022","1"
"DH_20","NO","SMR","2022","1"
"DH_20","NO","SRB","2022","1"
"DH_20","NO","SVK","2022","1"
"DH_20","NO","SVN","2022","1"
"DH_20","YES","ESP","2022","1"
"DH_20","MND_1","SWE","2022","1"
"DH_20","NO","CHE","2022","1"
"DH_20","YES","TJK","2022","1"
"DH_20","MND_1","TKM","2022","1"
"DH_20","NO","TUR","2022","1"
"DH_20","NO","UKR","2022","1"
"DH_20","MND_1","GBR","2022","1"
"DH_21","YES","ALB","2022","1"
"DH_21","NO","AND","2022","1"
"DH_21","MND_1","ARM","2022","1"
"DH_21","NO","AUT","2022","1"
"DH_21","MND_1","AZE","2022","1"
"DH_21","YES","BLR","2022","1"
"DH_21","NO","BEL","2022","1"
"DH_21","MND_1","BIH","2022","1"
"DH_21","YES","BGR","2022","1"
"DH_21","NO","HRV","2022","1"
"DH_21","NO","CYP","2022","1"
"DH_21","MND_1","CZE","2022","1"
"DH_21","MND_1","DNK","2022","1"
"DH_21","YES","EST","2022","1"
"DH_21","YES","FIN","2022","1"
"DH_21","YES","FRA","2022","1"
"DH_21","NO","GEO","2022","1"
"DH_21","YES","DEU","2022","1"
"DH_21","YES","GRC","2022","1"
"DH_21","NO","HUN","2022","1"
"DH_21","YES","ISL","2022","1"
"DH_21","NO","IRL","2022","1"
"DH_21","MND_1","ISR","2022","1"
"DH_21","YES","ITA","2022","1"
"DH_21","YES","KAZ","2022","1"
"DH_21","NO","KGZ","2022","1"
"DH_21","NO","LVA","2022","1"
"DH_21","MND_1","LTU","2022","1"
"DH_21","NO","LUX","2022","1"
"DH_21","MND_1","MLT","2022","1"
"DH_21","NO","MCO","2022","1"
"DH_21","YES","MNE","2022","1"
"DH_21","NO","NLD","2022","1"
"DH_21","NO","MKD","2022","1"
"DH_21","NO","NOR","2022","1"
"DH_21","NO","POL","2022","1"
"DH_21","NO","PRT","2022","1"
"DH_21","MND_1","MDA","2022","1"
"DH_21","NO","UZB","2022","1"
"DH_21","MND_1","ROU","2022","1"
"DH_21","YES","RUS","2022","1"
"DH_21","MND_1","SMR","2022","1"
"DH_21","NO","SRB","2022","1"
"DH_21","NO","SVK","2022","1"
"DH_21","MND_1","SVN","2022","1"
"DH_21","YES","ESP","2022","1"
"DH_21","YES","SWE","2022","1"
"DH_21","MND_1","CHE","2022","1"
"DH_21","YES","TJK","2022","1"
"DH_21","YES","TKM","2022","1"
"DH_21","YES","TUR","2022","1"
"DH_21","YES","UKR","2022","1"
"DH_21","MND_1","GBR","2022","1"
"DH_22","YES","ALB","2022","1"
"DH_22","NO","AND","2022","1"
"DH_22","YES","ARM","2022","1"
"DH_22","YES","AUT","2022","1"
"DH_22","NO","AZE","2022","1"
"DH_22","YES","BLR","2022","1"
"DH_22","YES","BEL","2022","1"
"DH_22","MND_1","BIH","2022","1"
"DH_22","MND_1","BGR","2022","1"
"DH_22","MND_1","HRV","2022","1"
"DH_22","NO","CYP","2022","1"
"DH_22","NO","CZE","2022","1"
"DH_22","YES","DNK","2022","1"
"DH_22","YES","EST","2022","1"
"DH_22","NO","FIN","2022","1"
"DH_22","YES","FRA","2022","1"
"DH_22","NO","GEO","2022","1"
"DH_22","YES","DEU","2022","1"
"DH_22","MND_1","GRC","2022","1"
"DH_22","NO","HUN","2022","1"
"DH_22","NO","ISL","2022","1"
"DH_22","YES","IRL","2022","1"
"DH_22","YES","ISR","2022","1"
"DH_22","NO","ITA","2022","1"
"DH_22","NO","KAZ","2022","1"
"DH_22","NO","KGZ","2022","1"
"DH_22","NO","LVA","2022","1"
"DH_22","NO","LTU","2022","1"
"DH_22","NO","LUX","2022","1"
"DH_22","MND_1","MLT","2022","1"
"DH_22","MND_1","MCO","2022","1"
"DH_22","NO","MNE","2022","1"
"DH_22","NO","NLD","2022","1"
"DH_22","NO","MKD","2022","1"
"DH_22","YES","NOR","2022","1"
"DH_22","YES","POL","2022","1"
"DH_22","NO","PRT","2022","1"
"DH_22","NO","MDA","2022","1"
"DH_22","NO","UZB","2022","1"
"DH_22","NO","ROU","2022","1"
"DH_22","YES","RUS","2022","1"
"DH_22","NO","SMR","2022","1"
"DH_22","NO","SRB","2022","1"
"DH_22","NO","SVK","2022","1"
"DH_22","MND_1","SVN","2022","1"
"DH_22","NO","ESP","2022","1"
"DH_22","YES","SWE","2022","1"
"DH_22","NO","CHE","2022","1"
"DH_22","MND_1","TJK","2022","1"
"DH_22","MND_1","TKM","2022","1"
"DH_22","MND_1","TUR","2022","1"
"DH_22","YES","UKR","2022","1"
"DH_22","MND_1","GBR","2022","1"
"DH_23","MND_1","ALB","2022","1"
"DH_23","NO","AND","2022","1"
"DH_23","YES","ARM","2022","1"
"DH_23","NO","AUT","2022","1"
"DH_23","NO","AZE","2022","1"
"DH_23","NO","BLR","2022","1"
"DH_23","YES","BEL","2022","1"
"DH_23","MND_1","BIH","2022","1"
"DH_23","MND_1","BGR","2022","1"
"DH_23","NO","HRV","2022","1"
"DH_23","NO","CYP","2022","1"
"DH_23","MND_1","CZE","2022","1"
"DH_23","MND_1","DNK","2022","1"
"DH_23","MND_1","EST","2022","1"
"DH_23","NO","FIN","2022","1"
"DH_23","MND_1","FRA","2022","1"
"DH_23","NO","GEO","2022","1"
"DH_23","YES","DEU","2022","1"
"DH_23","MND_1","GRC","2022","1"
"DH_23","NO","HUN","2022","1"
"DH_23","NO","ISL","2022","1"
"DH_23","NO","IRL","2022","1"
"DH_23","MND_1","ISR","2022","1"
"DH_23","NO","ITA","2022","1"
"DH_23","NO","KAZ","2022","1"
"DH_23","NO","KGZ","2022","1"
"DH_23","NO","LVA","2022","1"
"DH_23","NO","LTU","2022","1"
"DH_23","NO","LUX","2022","1"
"DH_23","NO","MLT","2022","1"
"DH_23","MND_1","MCO","2022","1"
"DH_23","NO","MNE","2022","1"
"DH_23","NO","NLD","2022","1"
"DH_23","NO","MKD","2022","1"
"DH_23","MND_1","NOR","2022","1"
"DH_23","NO","POL","2022","1"
"DH_23","NO","PRT","2022","1"
"DH_23","NO","MDA","2022","1"
"DH_23","NO","UZB","2022","1"
"DH_23","MND_1","ROU","2022","1"
"DH_23","MND_1","RUS","2022","1"
"DH_23","NO","SMR","2022","1"
"DH_23","NO","SRB","2022","1"
"DH_23","NO","SVK","2022","1"
"DH_23","NO","SVN","2022","1"
"DH_23","YES","ESP","2022","1"
"DH_23","NO","SWE","2022","1"
"DH_23","MND_1","CHE","2022","1"
"DH_23","YES","TJK","2022","1"
"DH_23","MND_1","TKM","2022","1"
"DH_23","NO","TUR","2022","1"
"DH_23","NO","UKR","2022","1"
"DH_23","YES","GBR","2022","1"
"DH_24","YES","ALB","2022","1"
"DH_24","YES","AND","2022","1"
"DH_24","YES","ARM","2022","1"
"DH_24","YES","AUT","2022","1"
"DH_24","NO","AZE","2022","1"
"DH_24","NO","BLR","2022","1"
"DH_24","YES","BEL","2022","1"
"DH_24","MND_1","BIH","2022","1"
"DH_24","YES","BGR","2022","1"
"DH_24","YES","HRV","2022","1"
"DH_24","NO","CYP","2022","1"
"DH_24","NO","CZE","2022","1"
"DH_24","NO","DNK","2022","1"
"DH_24","YES","EST","2022","1"
"DH_24","YES","FIN","2022","1"
"DH_24","YES","FRA","2022","1"
"DH_24","YES","GEO","2022","1"
"DH_24","YES","DEU","2022","1"
"DH_24","YES","GRC","2022","1"
"DH_24","YES","HUN","2022","1"
"DH_24","YES","ISL","2022","1"
"DH_24","NO","IRL","2022","1"
"DH_24","NO","ISR","2022","1"
"DH_24","YES","ITA","2022","1"
"DH_24","YES","KAZ","2022","1"
"DH_24","NO","KGZ","2022","1"
"DH_24","YES","LVA","2022","1"
"DH_24","YES","LTU","2022","1"
"DH_24","YES","LUX","2022","1"
"DH_24","NO","MLT","2022","1"
"DH_24","MND_1","MCO","2022","1"
"DH_24","NO","MNE","2022","1"
"DH_24","NO","NLD","2022","1"
"DH_24","YES","MKD","2022","1"
"DH_24","NO","NOR","2022","1"
"DH_24","YES","POL","2022","1"
"DH_24","YES","PRT","2022","1"
"DH_24","NO","MDA","2022","1"
"DH_24","NO","UZB","2022","1"
"DH_24","YES","ROU","2022","1"
"DH_24","YES","RUS","2022","1"
"DH_24","YES","SMR","2022","1"
"DH_24","YES","SRB","2022","1"
"DH_24","YES","SVK","2022","1"
"DH_24","YES","SVN","2022","1"
"DH_24","YES","ESP","2022","1"
"DH_24","NO","SWE","2022","1"
"DH_24","YES","CHE","2022","1"
"DH_24","YES","TJK","2022","1"
"DH_24","YES","TKM","2022","1"
"DH_24","YES","TUR","2022","1"
"DH_24","YES","UKR","2022","1"
"DH_24","NO","GBR","2022","1"
"DH_25","YES","ALB","2022","1"
"DH_25","YES","AND","2022","1"
"DH_25","YES","ARM","2022","1"
"DH_25","NO","AUT","2022","1"
"DH_25","YES","AZE","2022","1"
"DH_25","YES","BLR","2022","1"
"DH_25","NO","BEL","2022","1"
"DH_25","MND_1","BIH","2022","1"
"DH_25","YES","BGR","2022","1"
"DH_25","NO","HRV","2022","1"
"DH_25","YES","CYP","2022","1"
"DH_25","NO","CZE","2022","1"
"DH_25","YES","DNK","2022","1"
"DH_25","YES","EST","2022","1"
"DH_25","YES","FIN","2022","1"
"DH_25","YES","FRA","2022","1"
"DH_25","YES","GEO","2022","1"
"DH_25","NO","DEU","2022","1"
"DH_25","YES","GRC","2022","1"
"DH_25","NO","HUN","2022","1"
"DH_25","YES","ISL","2022","1"
"DH_25","NO","IRL","2022","1"
"DH_25","YES","ISR","2022","1"
"DH_25","YES","ITA","2022","1"
"DH_25","YES","KAZ","2022","1"
"DH_25","YES","KGZ","2022","1"
"DH_25","NO","LVA","2022","1"
"DH_25","YES","LTU","2022","1"
"DH_25","YES","LUX","2022","1"
"DH_25","NO","MLT","2022","1"
"DH_25","MND_1","MCO","2022","1"
"DH_25","NO","MNE","2022","1"
"DH_25","YES","NLD","2022","1"
"DH_25","NO","MKD","2022","1"
"DH_25","YES","NOR","2022","1"
"DH_25","YES","POL","2022","1"
"DH_25","YES","PRT","2022","1"
"DH_25","NO","MDA","2022","1"
"DH_25","NO","UZB","2022","1"
"DH_25","NO","ROU","2022","1"
"DH_25","YES","RUS","2022","1"
"DH_25","YES","SMR","2022","1"
"DH_25","YES","SRB","2022","1"
"DH_25","YES","SVK","2022","1"
"DH_25","NO","SVN","2022","1"
"DH_25","YES","ESP","2022","1"
"DH_25","YES","SWE","2022","1"
"DH_25","NO","CHE","2022","1"
"DH_25","YES","TJK","2022","1"
"DH_25","YES","TKM","2022","1"
"DH_25","YES","TUR","2022","1"
"DH_25","YES","UKR","2022","1"
"DH_25","YES","GBR","2022","1"
"DH_26","YES","ALB","2022","1"
"DH_26","YES","AND","2022","1"
"DH_26","YES","ARM","2022","1"
"DH_26","MND_1","AUT","2022","1"
"DH_26","NO","AZE","2022","1"
"DH_26","NO","BLR","2022","1"
"DH_26","MND_1","BEL","2022","1"
"DH_26","MND_1","BIH","2022","1"
"DH_26","YES","BGR","2022","1"
"DH_26","NO","HRV","2022","1"
"DH_26","NO","CYP","2022","1"
"DH_26","NO","CZE","2022","1"
"DH_26","YES","DNK","2022","1"
"DH_26","YES","EST","2022","1"
"DH_26","YES","FIN","2022","1"
"DH_26","MND_1","FRA","2022","1"
"DH_26","YES","GEO","2022","1"
"DH_26","MND_1","DEU","2022","1"
"DH_26","NO","GRC","2022","1"
"DH_26","MND_1","HUN","2022","1"
"DH_26","YES","ISL","2022","1"
"DH_26","MND_1","IRL","2022","1"
"DH_26","YES","ISR","2022","1"
"DH_26","YES","ITA","2022","1"
"DH_26","YES","KAZ","2022","1"
"DH_26","NO","KGZ","2022","1"
"DH_26","MND_1","LVA","2022","1"
"DH_26","YES","LTU","2022","1"
"DH_26","NO","LUX","2022","1"
"DH_26","MND_1","MLT","2022","1"
"DH_26","MND_1","MCO","2022","1"
"DH_26","MND_1","MNE","2022","1"
"DH_26","MND_1","NLD","2022","1"
"DH_26","MND_1","MKD","2022","1"
"DH_26","YES","NOR","2022","1"
"DH_26","YES","POL","2022","1"
"DH_26","MND_1","PRT","2022","1"
"DH_26","NO","MDA","2022","1"
"DH_26","YES","UZB","2022","1"
"DH_26","MND_1","ROU","2022","1"
"DH_26","YES","RUS","2022","1"
"DH_26","MND_1","SMR","2022","1"
"DH_26","YES","SRB","2022","1"
"DH_26","MND_1","SVK","2022","1"
"DH_26","NO","SVN","2022","1"
"DH_26","YES","ESP","2022","1"
"DH_26","YES","SWE","2022","1"
"DH_26","YES","CHE","2022","1"
"DH_26","YES","TJK","2022","1"
"DH_26","YES","TKM","2022","1"
"DH_26","YES","TUR","2022","1"
"DH_26","YES","UKR","2022","1"
"DH_26","NO","GBR","2022","1"
"DH_27","YES_1","ALB","2022","1"
"DH_27","YES_1","AND","2022","1"
"DH_27","YES_1","ARM","2022","1"
"DH_27","YES_1","AUT","2022","1"
"DH_27","YES_1","AZE","2022","1"
"DH_27","YES_1","BLR","2022","1"
"DH_27","YES_1","BEL","2022","1"
"DH_27","MND_1","BIH","2022","1"
"DH_27","MND_1","BGR","2022","1"
"DH_27","YES_1","HRV","2022","1"
"DH_27","YES_1","CYP","2022","1"
"DH_27","YES_1","CZE","2022","1"
"DH_27","YES_1","DNK","2022","1"
"DH_27","YES_1","EST","2022","1"
"DH_27","YES_1","FIN","2022","1"
"DH_27","YES_1","FRA","2022","1"
"DH_27","YES_1","GEO","2022","1"
"DH_27","YES_1","DEU","2022","1"
"DH_27","YES_2","GRC","2022","1"
"DH_27","YES_1","HUN","2022","1"
"DH_27","YES_1","ISL","2022","1"
"DH_27","MND_1","IRL","2022","1"
"DH_27","YES_1","ISR","2022","1"
"DH_27","YES_1","ITA","2022","1"
"DH_27","YES_1","KAZ","2022","1"
"DH_27","NO","KGZ","2022","1"
"DH_27","YES_1","LVA","2022","1"
"DH_27","YES_1","LTU","2022","1"
"DH_27","YES_3","LUX","2022","1"
"DH_27","YES_1","MLT","2022","1"
"DH_27","MND_1","MCO","2022","1"
"DH_27","YES_1","MNE","2022","1"
"DH_27","YES_1","NLD","2022","1"
"DH_27","YES_1","MKD","2022","1"
"DH_27","YES_1","NOR","2022","1"
"DH_27","YES_1","POL","2022","1"
"DH_27","YES_1","PRT","2022","1"
"DH_27","YES_2","MDA","2022","1"
"DH_27","YES_2","UZB","2022","1"
"DH_27","YES_1","ROU","2022","1"
"DH_27","YES_1","RUS","2022","1"
"DH_27","YES_1","SMR","2022","1"
"DH_27","YES_1","SRB","2022","1"
"DH_27","YES_1","SVK","2022","1"
"DH_27","YES_2","SVN","2022","1"
"DH_27","YES_1","ESP","2022","1"
"DH_27","YES_1","SWE","2022","1"
"DH_27","YES_2","CHE","2022","1"
"DH_27","YES_2","TJK","2022","1"
"DH_27","YES_1","TKM","2022","1"
"DH_27","YES_1","TUR","2022","1"
"DH_27","YES_1","UKR","2022","1"
"DH_27","YES_1","GBR","2022","1"
"DH_28","YES_1","ALB","2022","1"
"DH_28","YES_1","AND","2022","1"
"DH_28","YES_1","ARM","2022","1"
"DH_28","YES_1","AUT","2022","1"
"DH_28","YES_2","AZE","2022","1"
"DH_28","YES_1","BLR","2022","1"
"DH_28","YES_1","BEL","2022","1"
"DH_28","MND_1","BIH","2022","1"
"DH_28","MND_1","BGR","2022","1"
"DH_28","YES_2","HRV","2022","1"
"DH_28","YES_1","CYP","2022","1"
"DH_28","YES_1","CZE","2022","1"
"DH_28","YES_1","DNK","2022","1"
"DH_28","YES_1","EST","2022","1"
"DH_28","YES_1","FIN","2022","1"
"DH_28","YES_1","FRA","2022","1"
"DH_28","YES_1","GEO","2022","1"
"DH_28","YES_1","DEU","2022","1"
"DH_28","YES_1","GRC","2022","1"
"DH_28","YES_1","HUN","2022","1"
"DH_28","YES_1","ISL","2022","1"
"DH_28","MND_1","IRL","2022","1"
"DH_28","YES_1","ISR","2022","1"
"DH_28","YES_2","ITA","2022","1"
"DH_28","YES_1","KAZ","2022","1"
"DH_28","YES_2","KGZ","2022","1"
"DH_28","YES_2","LVA","2022","1"
"DH_28","YES_1","LTU","2022","1"
"DH_28","YES_3","LUX","2022","1"
"DH_28","YES_1","MLT","2022","1"
"DH_28","MND_1","MCO","2022","1"
"DH_28","YES_1","MNE","2022","1"
"DH_28","YES_1","NLD","2022","1"
"DH_28","YES_1","MKD","2022","1"
"DH_28","YES_1","NOR","2022","1"
"DH_28","YES_1","POL","2022","1"
"DH_28","YES_1","PRT","2022","1"
"DH_28","NO","MDA","2022","1"
"DH_28","YES_2","UZB","2022","1"
"DH_28","YES_1","ROU","2022","1"
"DH_28","YES_1","RUS","2022","1"
"DH_28","YES_1","SMR","2022","1"
"DH_28","YES_2","SRB","2022","1"
"DH_28","YES_1","SVK","2022","1"
"DH_28","YES_2","SVN","2022","1"
"DH_28","YES_1","ESP","2022","1"
"DH_28","YES_1","SWE","2022","1"
"DH_28","YES_1","CHE","2022","1"
"DH_28","YES_2","TJK","2022","1"
"DH_28","YES_1","TKM","2022","1"
"DH_28","YES_1","TUR","2022","1"
"DH_28","YES_1","UKR","2022","1"
"DH_28","YES_1","GBR","2022","1"
"DH_29","YES_1","ALB","2022","1"
"DH_29","YES_1","AND","2022","1"
"DH_29","YES_1","ARM","2022","1"
"DH_29","YES_1","AUT","2022","1"
"DH_29","YES_2","AZE","2022","1"
"DH_29","YES_1","BLR","2022","1"
"DH_29","YES_1","BEL","2022","1"
"DH_29","MND_1","BIH","2022","1"
"DH_29","MND_1","BGR","2022","1"
"DH_29","YES_2","HRV","2022","1"
"DH_29","YES_2","CYP","2022","1"
"DH_29","YES_1","CZE","2022","1"
"DH_29","YES_1","DNK","2022","1"
"DH_29","YES_1","EST","2022","1"
"DH_29","YES_1","FIN","2022","1"
"DH_29","YES_1","FRA","2022","1"
"DH_29","YES_1","GEO","2022","1"
"DH_29","YES_1","DEU","2022","1"
"DH_29","NO","GRC","2022","1"
"DH_29","YES_1","HUN","2022","1"
"DH_29","YES_1","ISL","2022","1"
"DH_29","MND_1","IRL","2022","1"
"DH_29","YES_1","ISR","2022","1"
"DH_29","YES_1","ITA","2022","1"
"DH_29","YES_1","KAZ","2022","1"
"DH_29","YES_2","KGZ","2022","1"
"DH_29","YES_2","LVA","2022","1"
"DH_29","YES_1","LTU","2022","1"
"DH_29","NO","LUX","2022","1"
"DH_29","YES_1","MLT","2022","1"
"DH_29","MND_1","MCO","2022","1"
"DH_29","YES_1","MNE","2022","1"
"DH_29","YES_1","NLD","2022","1"
"DH_29","YES_1","MKD","2022","1"
"DH_29","YES_1","NOR","2022","1"
"DH_29","YES_1","POL","2022","1"
"DH_29","MND_1","PRT","2022","1"
"DH_29","NO","MDA","2022","1"
"DH_29","YES_2","UZB","2022","1"
"DH_29","NO","ROU","2022","1"
"DH_29","YES_1","RUS","2022","1"
"DH_29","YES_1","SMR","2022","1"
"DH_29","YES_2","SRB","2022","1"
"DH_29","YES_1","SVK","2022","1"
"DH_29","YES_2","SVN","2022","1"
"DH_29","YES_1","ESP","2022","1"
"DH_29","YES_1","SWE","2022","1"
"DH_29","YES_2","CHE","2022","1"
"DH_29","YES_2","TJK","2022","1"
"DH_29","YES_2","TKM","2022","1"
"DH_29","YES_1","TUR","2022","1"
"DH_29","YES_1","UKR","2022","1"
"DH_29","YES_1","GBR","2022","1"
"DH_30","YES_1","ALB","2022","1"
"DH_30","YES_1","AND","2022","1"
"DH_30","YES_2","ARM","2022","1"
"DH_30","YES_1","AUT","2022","1"
"DH_30","YES_3","AZE","2022","1"
"DH_30","YES_1","BLR","2022","1"
"DH_30","YES_1","BEL","2022","1"
"DH_30","MND_1","BIH","2022","1"
"DH_30","YES_1","BGR","2022","1"
"DH_30","YES_1","HRV","2022","1"
"DH_30","YES_1","CYP","2022","1"
"DH_30","YES_1","CZE","2022","1"
"DH_30","YES_1","DNK","2022","1"
"DH_30","YES_1","EST","2022","1"
"DH_30","YES_1","FIN","2022","1"
"DH_30","YES_2","FRA","2022","1"
"DH_30","YES_1","GEO","2022","1"
"DH_30","YES_1","DEU","2022","1"
"DH_30","YES_1","GRC","2022","1"
"DH_30","YES_1","HUN","2022","1"
"DH_30","YES_1","ISL","2022","1"
"DH_30","MND_1","IRL","2022","1"
"DH_30","YES_1","ISR","2022","1"
"DH_30","YES_1","ITA","2022","1"
"DH_30","YES_1","KAZ","2022","1"
"DH_30","NO","KGZ","2022","1"
"DH_30","YES_1","LVA","2022","1"
"DH_30","YES_1","LTU","2022","1"
"DH_30","NO","LUX","2022","1"
"DH_30","YES_1","MLT","2022","1"
"DH_30","MND_1","MCO","2022","1"
"DH_30","YES_1","MNE","2022","1"
"DH_30","YES_1","NLD","2022","1"
"DH_30","YES_1","MKD","2022","1"
"DH_30","YES_1","NOR","2022","1"
"DH_30","YES_1","POL","2022","1"
"DH_30","YES_1","PRT","2022","1"
"DH_30","NO","MDA","2022","1"
"DH_30","YES_2","UZB","2022","1"
"DH_30","YES_1","ROU","2022","1"
"DH_30","YES_1","RUS","2022","1"
"DH_30","YES_1","SMR","2022","1"
"DH_30","YES_1","SRB","2022","1"
"DH_30","YES_1","SVK","2022","1"
"DH_30","YES_1","SVN","2022","1"
"DH_30","YES_1","ESP","2022","1"
"DH_30","YES_1","SWE","2022","1"
"DH_30","NO","CHE","2022","1"
"DH_30","YES_2","TJK","2022","1"
"DH_30","YES_2","TKM","2022","1"
"DH_30","YES_1","TUR","2022","1"
"DH_30","YES_1","UKR","2022","1"
"DH_30","YES_1","GBR","2022","1"
"DH_31","YES_2","ALB","2022","1"
"DH_31","YES_1","AND","2022","1"
"DH_31","YES_2","ARM","2022","1"
"DH_31","YES_1","AUT","2022","1"
"DH_31","YES_2","AZE","2022","1"
"DH_31","YES_2","BLR","2022","1"
"DH_31","MND_1","BEL","2022","1"
"DH_31","MND_1","BIH","2022","1"
"DH_31","MND_1","BGR","2022","1"
"DH_31","YES_1","HRV","2022","1"
"DH_31","NO","CYP","2022","1"
"DH_31","NO","CZE","2022","1"
"DH_31","YES_1","DNK","2022","1"
"DH_31","YES_1","EST","2022","1"
"DH_31","YES_1","FIN","2022","1"
"DH_31","YES_1","FRA","2022","1"
"DH_31","YES_1","GEO","2022","1"
"DH_31","YES_2","DEU","2022","1"
"DH_31","YES_1","GRC","2022","1"
"DH_31","YES_1","HUN","2022","1"
"DH_31","YES_1","ISL","2022","1"
"DH_31","YES_1","IRL","2022","1"
"DH_31","YES_1","ISR","2022","1"
"DH_31","YES_1","ITA","2022","1"
"DH_31","YES_1","KAZ","2022","1"
"DH_31","YES_1","KGZ","2022","1"
"DH_31","YES_1","LVA","2022","1"
"DH_31","YES_1","LTU","2022","1"
"DH_31","YES_3","LUX","2022","1"
"DH_31","NO","MLT","2022","1"
"DH_31","MND_1","MCO","2022","1"
"DH_31","YES_2","MNE","2022","1"
"DH_31","YES_1","NLD","2022","1"
"DH_31","YES_2","MKD","2022","1"
"DH_31","YES_1","NOR","2022","1"
"DH_31","YES_2","POL","2022","1"
"DH_31","YES_1","PRT","2022","1"
"DH_31","YES_2","MDA","2022","1"
"DH_31","YES_3","UZB","2022","1"
"DH_31","YES_3","ROU","2022","1"
"DH_31","YES_2","RUS","2022","1"
"DH_31","YES_1","SMR","2022","1"
"DH_31","YES_1","SRB","2022","1"
"DH_31","YES_2","SVK","2022","1"
"DH_31","YES_3","SVN","2022","1"
"DH_31","YES_1","ESP","2022","1"
"DH_31","YES_1","SWE","2022","1"
"DH_31","YES_2","CHE","2022","1"
"DH_31","YES_2","TJK","2022","1"
"DH_31","MND_1","TKM","2022","1"
"DH_31","YES_1","TUR","2022","1"
"DH_31","YES_1","UKR","2022","1"
"DH_31","YES_1","GBR","2022","1"
"DH_32","YES_1","ALB","2022","1"
"DH_32","YES_1","AND","2022","1"
"DH_32","YES_2","ARM","2022","1"
"DH_32","YES_1","AUT","2022","1"
"DH_32","YES_2","AZE","2022","1"
"DH_32","YES_2","BLR","2022","1"
"DH_32","YES_1","BEL","2022","1"
"DH_32","MND_1","BIH","2022","1"
"DH_32","MND_1","BGR","2022","1"
"DH_32","YES_1","HRV","2022","1"
"DH_32","NO","CYP","2022","1"
"DH_32","NO","CZE","2022","1"
"DH_32","YES_1","DNK","2022","1"
"DH_32","YES_1","EST","2022","1"
"DH_32","YES_1","FIN","2022","1"
"DH_32","YES_1","FRA","2022","1"
"DH_32","YES_1","GEO","2022","1"
"DH_32","YES_2","DEU","2022","1"
"DH_32","NO","GRC","2022","1"
"DH_32","YES_1","HUN","2022","1"
"DH_32","YES_1","ISL","2022","1"
"DH_32","YES_1","IRL","2022","1"
"DH_32","YES_1","ISR","2022","1"
"DH_32","YES_1","ITA","2022","1"
"DH_32","YES_1","KAZ","2022","1"
"DH_32","YES_1","KGZ","2022","1"
"DH_32","YES_1","LVA","2022","1"
"DH_32","YES_1","LTU","2022","1"
"DH_32","YES_3","LUX","2022","1"
"DH_32","NO","MLT","2022","1"
"DH_32","MND_1","MCO","2022","1"
"DH_32","YES_2","MNE","2022","1"
"DH_32","YES_1","NLD","2022","1"
"DH_32","YES_1","MKD","2022","1"
"DH_32","YES_1","NOR","2022","1"
"DH_32","YES_2","POL","2022","1"
"DH_32","YES_1","PRT","2022","1"
"DH_32","YES_2","MDA","2022","1"
"DH_32","YES_3","UZB","2022","1"
"DH_32","YES_3","ROU","2022","1"
"DH_32","NO","RUS","2022","1"
"DH_32","YES_1","SMR","2022","1"
"DH_32","YES_1","SRB","2022","1"
"DH_32","YES_2","SVK","2022","1"
"DH_32","YES_1","SVN","2022","1"
"DH_32","YES_1","ESP","2022","1"
"DH_32","YES_1","SWE","2022","1"
"DH_32","YES_2","CHE","2022","1"
"DH_32","YES_2","TJK","2022","1"
"DH_32","MND_1","TKM","2022","1"
"DH_32","YES_1","TUR","2022","1"
"DH_32","YES_1","UKR","2022","1"
"DH_32","YES_1","GBR","2022","1"
"DH_33","YES_1","ALB","2022","1"
"DH_33","YES_1","AND","2022","1"
"DH_33","YES_2","ARM","2022","1"
"DH_33","YES_1","AUT","2022","1"
"DH_33","YES_2","AZE","2022","1"
"DH_33","YES_2","BLR","2022","1"
"DH_33","YES_1","BEL","2022","1"
"DH_33","MND_1","BIH","2022","1"
"DH_33","MND_1","BGR","2022","1"
"DH_33","YES_2","HRV","2022","1"
"DH_33","YES_3","CYP","2022","1"
"DH_33","YES_3","CZE","2022","1"
"DH_33","YES_1","DNK","2022","1"
"DH_33","YES_1","EST","2022","1"
"DH_33","YES_1","FIN","2022","1"
"DH_33","YES_1","FRA","2022","1"
"DH_33","YES_1","GEO","2022","1"
"DH_33","YES_2","DEU","2022","1"
"DH_33","NO","GRC","2022","1"
"DH_33","YES_1","HUN","2022","1"
"DH_33","YES_1","ISL","2022","1"
"DH_33","NO","IRL","2022","1"
"DH_33","YES_1","ISR","2022","1"
"DH_33","YES_2","ITA","2022","1"
"DH_33","YES_1","KAZ","2022","1"
"DH_33","YES_1","KGZ","2022","1"
"DH_33","YES_2","LVA","2022","1"
"DH_33","YES_1","LTU","2022","1"
"DH_33","YES_3","LUX","2022","1"
"DH_33","YES_1","MLT","2022","1"
"DH_33","MND_1","MCO","2022","1"
"DH_33","YES_1","MNE","2022","1"
"DH_33","YES_1","NLD","2022","1"
"DH_33","YES_1","MKD","2022","1"
"DH_33","YES_1","NOR","2022","1"
"DH_33","YES_2","POL","2022","1"
"DH_33","YES_1","PRT","2022","1"
"DH_33","YES_2","MDA","2022","1"
"DH_33","NO","UZB","2022","1"
"DH_33","YES_3","ROU","2022","1"
"DH_33","YES_2","RUS","2022","1"
"DH_33","YES_1","SMR","2022","1"
"DH_33","YES_1","SRB","2022","1"
"DH_33","YES_2","SVK","2022","1"
"DH_33","YES_1","SVN","2022","1"
"DH_33","YES_1","ESP","2022","1"
"DH_33","YES_1","SWE","2022","1"
"DH_33","YES_2","CHE","2022","1"
"DH_33","YES_2","TJK","2022","1"
"DH_33","MND_1","TKM","2022","1"
"DH_33","YES_1","TUR","2022","1"
"DH_33","YES_1","UKR","2022","1"
"DH_33","YES_1","GBR","2022","1"
"DH_34","YES_1","ALB","2022","1"
"DH_34","YES_1","AND","2022","1"
"DH_34","YES_2","ARM","2022","1"
"DH_34","NO","AUT","2022","1"
"DH_34","NO","AZE","2022","1"
"DH_34","YES_2","BLR","2022","1"
"DH_34","YES_1","BEL","2022","1"
"DH_34","MND_1","BIH","2022","1"
"DH_34","MND_1","BGR","2022","1"
"DH_34","YES_2","HRV","2022","1"
"DH_34","YES_3","CYP","2022","1"
"DH_34","YES_3","CZE","2022","1"
"DH_34","YES_1","DNK","2022","1"
"DH_34","YES_1","EST","2022","1"
"DH_34","YES_1","FIN","2022","1"
"DH_34","YES_1","FRA","2022","1"
"DH_34","YES_2","GEO","2022","1"
"DH_34","YES_2","DEU","2022","1"
"DH_34","NO","GRC","2022","1"
"DH_34","YES_2","HUN","2022","1"
"DH_34","YES_1","ISL","2022","1"
"DH_34","NO","IRL","2022","1"
"DH_34","YES_1","ISR","2022","1"
"DH_34","YES_2","ITA","2022","1"
"DH_34","YES_1","KAZ","2022","1"
"DH_34","YES_1","KGZ","2022","1"
"DH_34","YES_2","LVA","2022","1"
"DH_34","YES_3","LTU","2022","1"
"DH_34","YES_3","LUX","2022","1"
"DH_34","NO","MLT","2022","1"
"DH_34","MND_1","MCO","2022","1"
"DH_34","NO","MNE","2022","1"
"DH_34","YES_1","NLD","2022","1"
"DH_34","YES_1","MKD","2022","1"
"DH_34","NO","NOR","2022","1"
"DH_34","YES_3","POL","2022","1"
"DH_34","YES_1","PRT","2022","1"
"DH_34","YES_2","MDA","2022","1"
"DH_34","YES_3","UZB","2022","1"
"DH_34","YES_3","ROU","2022","1"
"DH_34","YES_2","RUS","2022","1"
"DH_34","YES_1","SMR","2022","1"
"DH_34","YES_1","SRB","2022","1"
"DH_34","YES_2","SVK","2022","1"
"DH_34","YES_1","SVN","2022","1"
"DH_34","YES_1","ESP","2022","1"
"DH_34","YES_1","SWE","2022","1"
"DH_34","YES_2","CHE","2022","1"
"DH_34","YES_2","TJK","2022","1"
"DH_34","MND_1","TKM","2022","1"
"DH_34","YES_1","TUR","2022","1"
"DH_34","YES_1","UKR","2022","1"
"DH_34","YES_1","GBR","2022","1"
"DH_35","YES_1","ALB","2022","1"
"DH_35","YES_1","AND","2022","1"
"DH_35","YES_2","ARM","2022","1"
"DH_35","NO","AUT","2022","1"
"DH_35","YES_2","AZE","2022","1"
"DH_35","YES_2","BLR","2022","1"
"DH_35","NO","BEL","2022","1"
"DH_35","MND_1","BIH","2022","1"
"DH_35","MND_1","BGR","2022","1"
"DH_35","YES_1","HRV","2022","1"
"DH_35","YES_1","CYP","2022","1"
"DH_35","NO","CZE","2022","1"
"DH_35","YES_1","DNK","2022","1"
"DH_35","YES_1","EST","2022","1"
"DH_35","YES_1","FIN","2022","1"
"DH_35","YES_1","FRA","2022","1"
"DH_35","YES_2","GEO","2022","1"
"DH_35","YES_2","DEU","2022","1"
"DH_35","YES_1","GRC","2022","1"
"DH_35","YES_2","HUN","2022","1"
"DH_35","YES_1","ISL","2022","1"
"DH_35","YES_1","IRL","2022","1"
"DH_35","YES_1","ISR","2022","1"
"DH_35","NO","ITA","2022","1"
"DH_35","YES_1","KAZ","2022","1"
"DH_35","NO","KGZ","2022","1"
"DH_35","YES_2","LVA","2022","1"
"DH_35","YES_1","LTU","2022","1"
"DH_35","NO","LUX","2022","1"
"DH_35","YES_1","MLT","2022","1"
"DH_35","MND_1","MCO","2022","1"
"DH_35","YES_1","MNE","2022","1"
"DH_35","YES_1","NLD","2022","1"
"DH_35","YES_1","MKD","2022","1"
"DH_35","YES_1","NOR","2022","1"
"DH_35","YES_2","POL","2022","1"
"DH_35","YES_1","PRT","2022","1"
"DH_35","YES_2","MDA","2022","1"
"DH_35","YES_3","UZB","2022","1"
"DH_35","NO","ROU","2022","1"
"DH_35","YES_1","RUS","2022","1"
"DH_35","YES_1","SMR","2022","1"
"DH_35","YES_1","SRB","2022","1"
"DH_35","YES_2","SVK","2022","1"
"DH_35","YES_1","SVN","2022","1"
"DH_35","YES_1","ESP","2022","1"
"DH_35","YES_1","SWE","2022","1"
"DH_35","YES_2","CHE","2022","1"
"DH_35","YES_2","TJK","2022","1"
"DH_35","MND_1","TKM","2022","1"
"DH_35","YES_1","TUR","2022","1"
"DH_35","YES_1","UKR","2022","1"
"DH_35","YES_1","GBR","2022","1"
"DH_36","YES_1","ALB","2022","1"
"DH_36","YES_1","AND","2022","1"
"DH_36","YES_2","ARM","2022","1"
"DH_36","YES_1","AUT","2022","1"
"DH_36","YES_2","AZE","2022","1"
"DH_36","YES_2","BLR","2022","1"
"DH_36","YES_1","BEL","2022","1"
"DH_36","MND_1","BIH","2022","1"
"DH_36","MND_1","BGR","2022","1"
"DH_36","YES_1","HRV","2022","1"
"DH_36","YES_1","CYP","2022","1"
"DH_36","YES_1","CZE","2022","1"
"DH_36","YES_1","DNK","2022","1"
"DH_36","YES_1","EST","2022","1"
"DH_36","YES_1","FIN","2022","1"
"DH_36","YES_1","FRA","2022","1"
"DH_36","YES_2","GEO","2022","1"
"DH_36","YES_2","DEU","2022","1"
"DH_36","NO","GRC","2022","1"
"DH_36","YES_1","HUN","2022","1"
"DH_36","YES_1","ISL","2022","1"
"DH_36","YES_1","IRL","2022","1"
"DH_36","YES_1","ISR","2022","1"
"DH_36","YES_2","ITA","2022","1"
"DH_36","YES_1","KAZ","2022","1"
"DH_36","YES_1","KGZ","2022","1"
"DH_36","YES_2","LVA","2022","1"
"DH_36","YES_1","LTU","2022","1"
"DH_36","YES_2","LUX","2022","1"
"DH_36","YES_1","MLT","2022","1"
"DH_36","MND_1","MCO","2022","1"
"DH_36","YES_1","MNE","2022","1"
"DH_36","YES_1","NLD","2022","1"
"DH_36","YES_2","MKD","2022","1"
"DH_36","YES_1","NOR","2022","1"
"DH_36","YES_2","POL","2022","1"
"DH_36","YES_2","PRT","2022","1"
"DH_36","YES_2","MDA","2022","1"
"DH_36","YES_3","UZB","2022","1"
"DH_36","NO","ROU","2022","1"
"DH_36","YES_1","RUS","2022","1"
"DH_36","YES_1","SMR","2022","1"
"DH_36","YES_1","SRB","2022","1"
"DH_36","YES_3","SVK","2022","1"
"DH_36","YES_1","SVN","2022","1"
"DH_36","YES_1","ESP","2022","1"
"DH_36","YES_1","SWE","2022","1"
"DH_36","YES_2","CHE","2022","1"
"DH_36","YES_2","TJK","2022","1"
"DH_36","MND_1","TKM","2022","1"
"DH_36","YES_1","TUR","2022","1"
"DH_36","YES_1","UKR","2022","1"
"DH_36","YES_1","GBR","2022","1"
"DH_37","YES","ALB","2022","1"
"DH_37","YES","AND","2022","1"
"DH_37","YES","ARM","2022","1"
"DH_37","YES","AUT","2022","1"
"DH_37","YES","AZE","2022","1"
"DH_37","NO","BLR","2022","1"
"DH_37","YES","BEL","2022","1"
"DH_37","MND_1","BIH","2022","1"
"DH_37","YES","BGR","2022","1"
"DH_37","YES","HRV","2022","1"
"DH_37","NO","CYP","2022","1"
"DH_37","NO","CZE","2022","1"
"DH_37","YES","DNK","2022","1"
"DH_37","YES","EST","2022","1"
"DH_37","YES","FIN","2022","1"
"DH_37","YES","FRA","2022","1"
"DH_37","NO","GEO","2022","1"
"DH_37","NO","DEU","2022","1"
"DH_37","YES","GRC","2022","1"
"DH_37","YES","HUN","2022","1"
"DH_37","YES","ISL","2022","1"
"DH_37","NO","IRL","2022","1"
"DH_37","NO","ISR","2022","1"
"DH_37","YES","ITA","2022","1"
"DH_37","YES","KAZ","2022","1"
"DH_37","YES","KGZ","2022","1"
"DH_37","YES","LVA","2022","1"
"DH_37","YES","LTU","2022","1"
"DH_37","YES","LUX","2022","1"
"DH_37","YES","MLT","2022","1"
"DH_37","YES","MCO","2022","1"
"DH_37","YES","MNE","2022","1"
"DH_37","NO","NLD","2022","1"
"DH_37","NO","MKD","2022","1"
"DH_37","YES","NOR","2022","1"
"DH_37","YES","POL","2022","1"
"DH_37","YES","PRT","2022","1"
"DH_37","NO","MDA","2022","1"
"DH_37","NO","UZB","2022","1"
"DH_37","NO","ROU","2022","1"
"DH_37","NO","RUS","2022","1"
"DH_37","YES","SMR","2022","1"
"DH_37","YES","SRB","2022","1"
"DH_37","YES","SVK","2022","1"
"DH_37","YES","SVN","2022","1"
"DH_37","NO","ESP","2022","1"
"DH_37","YES","SWE","2022","1"
"DH_37","YES","CHE","2022","1"
"DH_37","NO","TJK","2022","1"
"DH_37","MND_1","TKM","2022","1"
"DH_37","YES","TUR","2022","1"
"DH_37","YES","UKR","2022","1"
"DH_37","YES","GBR","2022","1"
"DH_38","NO","ALB","2022","1"
"DH_38","NO","AND","2022","1"
"DH_38","YES","ARM","2022","1"
"DH_38","NO","AUT","2022","1"
"DH_38","NO","AZE","2022","1"
"DH_38","YES","BLR","2022","1"
"DH_38","NO","BEL","2022","1"
"DH_38","MND_1","BIH","2022","1"
"DH_38","NO","BGR","2022","1"
"DH_38","YES","HRV","2022","1"
"DH_38","YES","CYP","2022","1"
"DH_38","NO","CZE","2022","1"
"DH_38","YES","DNK","2022","1"
"DH_38","YES","EST","2022","1"
"DH_38","MND_1","FIN","2022","1"
"DH_38","NO","FRA","2022","1"
"DH_38","NO","GEO","2022","1"
"DH_38","NO","DEU","2022","1"
"DH_38","YES","GRC","2022","1"
"DH_38","YES","HUN","2022","1"
"DH_38","YES","ISL","2022","1"
"DH_38","MND_1","IRL","2022","1"
"DH_38","NO","ISR","2022","1"
"DH_38","YES","ITA","2022","1"
"DH_38","YES","KAZ","2022","1"
"DH_38","YES","KGZ","2022","1"
"DH_38","NO","LVA","2022","1"
"DH_38","YES","LTU","2022","1"
"DH_38","NO","LUX","2022","1"
"DH_38","NO","MLT","2022","1"
"DH_38","YES","MCO","2022","1"
"DH_38","YES","MNE","2022","1"
"DH_38","NO","NLD","2022","1"
"DH_38","NO","MKD","2022","1"
"DH_38","YES","NOR","2022","1"
"DH_38","NO","POL","2022","1"
"DH_38","YES","PRT","2022","1"
"DH_38","NO","MDA","2022","1"
"DH_38","NO","UZB","2022","1"
"DH_38","NO","ROU","2022","1"
"DH_38","MND_1","RUS","2022","1"
"DH_38","NO","SMR","2022","1"
"DH_38","YES","SRB","2022","1"
"DH_38","YES","SVK","2022","1"
"DH_38","YES","SVN","2022","1"
"DH_38","MND_1","ESP","2022","1"
"DH_38","YES","SWE","2022","1"
"DH_38","NO","CHE","2022","1"
"DH_38","YES","TJK","2022","1"
"DH_38","MND_1","TKM","2022","1"
"DH_38","YES","TUR","2022","1"
"DH_38","YES","UKR","2022","1"
"DH_38","YES","GBR","2022","1"
"DH_39","YES","ALB","2022","1"
"DH_39","NO","AND","2022","1"
"DH_39","YES","ARM","2022","1"
"DH_39","YES","AUT","2022","1"
"DH_39","YES","AZE","2022","1"
"DH_39","YES","BLR","2022","1"
"DH_39","YES","BEL","2022","1"
"DH_39","MND_1","BIH","2022","1"
"DH_39","NO","BGR","2022","1"
"DH_39","YES","HRV","2022","1"
"DH_39","YES","CYP","2022","1"
"DH_39","NO","CZE","2022","1"
"DH_39","YES","DNK","2022","1"
"DH_39","YES","EST","2022","1"
"DH_39","YES","FIN","2022","1"
"DH_39","YES","FRA","2022","1"
"DH_39","NO","GEO","2022","1"
"DH_39","NO","DEU","2022","1"
"DH_39","YES","GRC","2022","1"
"DH_39","YES","HUN","2022","1"
"DH_39","YES","ISL","2022","1"
"DH_39","MND_1","IRL","2022","1"
"DH_39","NO","ISR","2022","1"
"DH_39","YES","ITA","2022","1"
"DH_39","MND_1","KAZ","2022","1"
"DH_39","YES","KGZ","2022","1"
"DH_39","YES","LVA","2022","1"
"DH_39","YES","LTU","2022","1"
"DH_39","YES","LUX","2022","1"
"DH_39","YES","MLT","2022","1"
"DH_39","YES","MCO","2022","1"
"DH_39","MND_1","MNE","2022","1"
"DH_39","YES","NLD","2022","1"
"DH_39","NO","MKD","2022","1"
"DH_39","YES","NOR","2022","1"
"DH_39","YES","POL","2022","1"
"DH_39","YES","PRT","2022","1"
"DH_39","NO","MDA","2022","1"
"DH_39","NO","UZB","2022","1"
"DH_39","NO","ROU","2022","1"
"DH_39","MND_1","RUS","2022","1"
"DH_39","YES","SMR","2022","1"
"DH_39","YES","SRB","2022","1"
"DH_39","YES","SVK","2022","1"
"DH_39","YES","SVN","2022","1"
"DH_39","MND_1","ESP","2022","1"
"DH_39","YES","SWE","2022","1"
"DH_39","YES","CHE","2022","1"
"DH_39","YES","TJK","2022","1"
"DH_39","MND_1","TKM","2022","1"
"DH_39","YES","TUR","2022","1"
"DH_39","YES","UKR","2022","1"
"DH_39","MND_1","GBR","2022","1"
"DH_40","NO","ALB","2022","1"
"DH_40","YES","AND","2022","1"
"DH_40","NO","ARM","2022","1"
"DH_40","NO","AUT","2022","1"
"DH_40","NO","AZE","2022","1"
"DH_40","YES","BLR","2022","1"
"DH_40","NO","BEL","2022","1"
"DH_40","MND_1","BIH","2022","1"
"DH_40","NO","BGR","2022","1"
"DH_40","YES","HRV","2022","1"
"DH_40","YES","CYP","2022","1"
"DH_40","NO","CZE","2022","1"
"DH_40","YES","DNK","2022","1"
"DH_40","NO","EST","2022","1"
"DH_40","MND_1","FIN","2022","1"
"DH_40","YES","FRA","2022","1"
"DH_40","NO","GEO","2022","1"
"DH_40","NO","DEU","2022","1"
"DH_40","NO","GRC","2022","1"
"DH_40","NO","HUN","2022","1"
"DH_40","YES","ISL","2022","1"
"DH_40","MND_1","IRL","2022","1"
"DH_40","NO","ISR","2022","1"
"DH_40","NO","ITA","2022","1"
"DH_40","MND_1","KAZ","2022","1"
"DH_40","MND_1","KGZ","2022","1"
"DH_40","NO","LVA","2022","1"
"DH_40","YES","LTU","2022","1"
"DH_40","NO","LUX","2022","1"
"DH_40","NO","MLT","2022","1"
"DH_40","YES","MCO","2022","1"
"DH_40","MND_1","MNE","2022","1"
"DH_40","NO","NLD","2022","1"
"DH_40","NO","MKD","2022","1"
"DH_40","YES","NOR","2022","1"
"DH_40","NO","POL","2022","1"
"DH_40","YES","PRT","2022","1"
"DH_40","NO","MDA","2022","1"
"DH_40","NO","UZB","2022","1"
"DH_40","NO","ROU","2022","1"
"DH_40","MND_1","RUS","2022","1"
"DH_40","YES","SMR","2022","1"
"DH_40","YES","SRB","2022","1"
"DH_40","YES","SVK","2022","1"
"DH_40","YES","SVN","2022","1"
"DH_40","MND_1","ESP","2022","1"
"DH_40","YES","SWE","2022","1"
"DH_40","NO","CHE","2022","1"
"DH_40","YES","TJK","2022","1"
"DH_40","MND_1","TKM","2022","1"
"DH_40","NO","TUR","2022","1"
"DH_40","YES","UKR","2022","1"
"DH_40","MND_1","GBR","2022","1"
"DH_41","YES","ALB","2022","1"
"DH_41","NO","AND","2022","1"
"DH_41","YES","ARM","2022","1"
"DH_41","YES","AUT","2022","1"
"DH_41","NO","AZE","2022","1"
"DH_41","YES","BLR","2022","1"
"DH_41","YES","BEL","2022","1"
"DH_41","MND_1","BIH","2022","1"
"DH_41","NO","BGR","2022","1"
"DH_41","YES","HRV","2022","1"
"DH_41","YES","CYP","2022","1"
"DH_41","NO","CZE","2022","1"
"DH_41","YES","DNK","2022","1"
"DH_41","YES","EST","2022","1"
"DH_41","YES","FIN","2022","1"
"DH_41","YES","FRA","2022","1"
"DH_41","NO","GEO","2022","1"
"DH_41","NO","DEU","2022","1"
"DH_41","NO","GRC","2022","1"
"DH_41","YES","HUN","2022","1"
"DH_41","YES","ISL","2022","1"
"DH_41","MND_1","IRL","2022","1"
"DH_41","NO","ISR","2022","1"
"DH_41","YES","ITA","2022","1"
"DH_41","YES","KAZ","2022","1"
"DH_41","YES","KGZ","2022","1"
"DH_41","YES","LVA","2022","1"
"DH_41","YES","LTU","2022","1"
"DH_41","YES","LUX","2022","1"
"DH_41","YES","MLT","2022","1"
"DH_41","NO","MCO","2022","1"
"DH_41","MND_1","MNE","2022","1"
"DH_41","YES","NLD","2022","1"
"DH_41","NO","MKD","2022","1"
"DH_41","YES","NOR","2022","1"
"DH_41","YES","POL","2022","1"
"DH_41","YES","PRT","2022","1"
"DH_41","NO","MDA","2022","1"
"DH_41","NO","UZB","2022","1"
"DH_41","NO","ROU","2022","1"
"DH_41","MND_1","RUS","2022","1"
"DH_41","YES","SMR","2022","1"
"DH_41","YES","SRB","2022","1"
"DH_41","YES","SVK","2022","1"
"DH_41","YES","SVN","2022","1"
"DH_41","MND_1","ESP","2022","1"
"DH_41","YES","SWE","2022","1"
"DH_41","YES","CHE","2022","1"
"DH_41","YES","TJK","2022","1"
"DH_41","MND_1","TKM","2022","1"
"DH_41","YES","TUR","2022","1"
"DH_41","YES","UKR","2022","1"
"DH_41","YES","GBR","2022","1"
"DH_42","NO","ALB","2022","1"
"DH_42","YES","AND","2022","1"
"DH_42","YES","ARM","2022","1"
"DH_42","NO","AUT","2022","1"
"DH_42","YES","AZE","2022","1"
"DH_42","YES","BLR","2022","1"
"DH_42","NO","BEL","2022","1"
"DH_42","MND_1","BIH","2022","1"
"DH_42","NO","BGR","2022","1"
"DH_42","YES","HRV","2022","1"
"DH_42","YES","CYP","2022","1"
"DH_42","NO","CZE","2022","1"
"DH_42","YES","DNK","2022","1"
"DH_42","YES","EST","2022","1"
"DH_42","YES","FIN","2022","1"
"DH_42","YES","FRA","2022","1"
"DH_42","NO","GEO","2022","1"
"DH_42","NO","DEU","2022","1"
"DH_42","NO","GRC","2022","1"
"DH_42","YES","HUN","2022","1"
"DH_42","NO","ISL","2022","1"
"DH_42","MND_1","IRL","2022","1"
"DH_42","NO","ISR","2022","1"
"DH_42","YES","ITA","2022","1"
"DH_42","MND_1","KAZ","2022","1"
"DH_42","MND_1","KGZ","2022","1"
"DH_42","YES","LVA","2022","1"
"DH_42","YES","LTU","2022","1"
"DH_42","YES","LUX","2022","1"
"DH_42","YES","MLT","2022","1"
"DH_42","NO","MCO","2022","1"
"DH_42","MND_1","MNE","2022","1"
"DH_42","NO","NLD","2022","1"
"DH_42","NO","MKD","2022","1"
"DH_42","YES","NOR","2022","1"
"DH_42","NO","POL","2022","1"
"DH_42","YES","PRT","2022","1"
"DH_42","NO","MDA","2022","1"
"DH_42","NO","UZB","2022","1"
"DH_42","NO","ROU","2022","1"
"DH_42","MND_1","RUS","2022","1"
"DH_42","YES","SMR","2022","1"
"DH_42","YES","SRB","2022","1"
"DH_42","NO","SVK","2022","1"
"DH_42","NO","SVN","2022","1"
"DH_42","MND_1","ESP","2022","1"
"DH_42","MND_1","SWE","2022","1"
"DH_42","YES","CHE","2022","1"
"DH_42","YES","TJK","2022","1"
"DH_42","MND_1","TKM","2022","1"
"DH_42","YES","TUR","2022","1"
"DH_42","YES","UKR","2022","1"
"DH_42","MND_1","GBR","2022","1"
"DH_43","YES","ALB","2022","1"
"DH_43","YES","AND","2022","1"
"DH_43","YES","ARM","2022","1"
"DH_43","YES","AUT","2022","1"
"DH_43","YES","AZE","2022","1"
"DH_43","YES","BLR","2022","1"
"DH_43","YES","BEL","2022","1"
"DH_43","MND_1","BIH","2022","1"
"DH_43","MND_1","BGR","2022","1"
"DH_43","YES","HRV","2022","1"
"DH_43","NO","CYP","2022","1"
"DH_43","YES","CZE","2022","1"
"DH_43","YES","DNK","2022","1"
"DH_43","YES","EST","2022","1"
"DH_43","YES","FIN","2022","1"
"DH_43","MND_1","FRA","2022","1"
"DH_43","YES","GEO","2022","1"
"DH_43","YES","DEU","2022","1"
"DH_43","YES","GRC","2022","1"
"DH_43","YES","HUN","2022","1"
"DH_43","YES","ISL","2022","1"
"DH_43","YES","IRL","2022","1"
"DH_43","YES","ISR","2022","1"
"DH_43","YES","ITA","2022","1"
"DH_43","YES","KAZ","2022","1"
"DH_43","NO","KGZ","2022","1"
"DH_43","YES","LVA","2022","1"
"DH_43","NO","LTU","2022","1"
"DH_43","YES","LUX","2022","1"
"DH_43","YES","MLT","2022","1"
"DH_43","NO","MCO","2022","1"
"DH_43","YES","MNE","2022","1"
"DH_43","YES","NLD","2022","1"
"DH_43","NO","MKD","2022","1"
"DH_43","YES","NOR","2022","1"
"DH_43","YES","POL","2022","1"
"DH_43","YES","PRT","2022","1"
"DH_43","NO","MDA","2022","1"
"DH_43","NO","UZB","2022","1"
"DH_43","YES","ROU","2022","1"
"DH_43","YES","RUS","2022","1"
"DH_43","NO","SMR","2022","1"
"DH_43","YES","SRB","2022","1"
"DH_43","YES","SVK","2022","1"
"DH_43","YES","SVN","2022","1"
"DH_43","YES","ESP","2022","1"
"DH_43","YES","SWE","2022","1"
"DH_43","YES","CHE","2022","1"
"DH_43","YES","TJK","2022","1"
"DH_43","YES","TKM","2022","1"
"DH_43","YES","TUR","2022","1"
"DH_43","YES","UKR","2022","1"
"DH_43","YES","GBR","2022","1"
"DH_44","NO","ALB","2022","1"
"DH_44","YES","AND","2022","1"
"DH_44","NO","ARM","2022","1"
"DH_44","YES","AUT","2022","1"
"DH_44","MND_1","AZE","2022","1"
"DH_44","YES","BLR","2022","1"
"DH_44","YES","BEL","2022","1"
"DH_44","MND_1","BIH","2022","1"
"DH_44","MND_1","BGR","2022","1"
"DH_44","MND_1","HRV","2022","1"
"DH_44","NO","CYP","2022","1"
"DH_44","NO","CZE","2022","1"
"DH_44","YES","DNK","2022","1"
"DH_44","MND_1","EST","2022","1"
"DH_44","YES","FIN","2022","1"
"DH_44","MND_1","FRA","2022","1"
"DH_44","YES","GEO","2022","1"
"DH_44","YES","DEU","2022","1"
"DH_44","YES","GRC","2022","1"
"DH_44","YES","HUN","2022","1"
"DH_44","YES","ISL","2022","1"
"DH_44","NO","IRL","2022","1"
"DH_44","YES","ISR","2022","1"
"DH_44","NO","ITA","2022","1"
"DH_44","NO","KAZ","2022","1"
"DH_44","NO","KGZ","2022","1"
"DH_44","NO","LVA","2022","1"
"DH_44","NO","LTU","2022","1"
"DH_44","NO","LUX","2022","1"
"DH_44","YES","MLT","2022","1"
"DH_44","NO","MCO","2022","1"
"DH_44","NO","MNE","2022","1"
"DH_44","YES","NLD","2022","1"
"DH_44","NO","MKD","2022","1"
"DH_44","YES","NOR","2022","1"
"DH_44","YES","POL","2022","1"
"DH_44","YES","PRT","2022","1"
"DH_44","NO","MDA","2022","1"
"DH_44","NO","UZB","2022","1"
"DH_44","YES","ROU","2022","1"
"DH_44","NO","RUS","2022","1"
"DH_44","NO","SMR","2022","1"
"DH_44","NO","SRB","2022","1"
"DH_44","YES","SVK","2022","1"
"DH_44","NO","SVN","2022","1"
"DH_44","YES","ESP","2022","1"
"DH_44","YES","SWE","2022","1"
"DH_44","YES","CHE","2022","1"
"DH_44","MND_1","TJK","2022","1"
"DH_44","MND_1","TKM","2022","1"
"DH_44","NO","TUR","2022","1"
"DH_44","YES","UKR","2022","1"
"DH_44","YES","GBR","2022","1"
"DH_45","YES","ALB","2022","1"
"DH_45","YES","AND","2022","1"
"DH_45","NO","ARM","2022","1"
"DH_45","YES","AUT","2022","1"
"DH_45","NO","AZE","2022","1"
"DH_45","YES","BLR","2022","1"
"DH_45","MND_1","BEL","2022","1"
"DH_45","MND_1","BIH","2022","1"
"DH_45","MND_1","BGR","2022","1"
"DH_45","MND_1","HRV","2022","1"
"DH_45","NO","CYP","2022","1"
"DH_45","NO","CZE","2022","1"
"DH_45","YES","DNK","2022","1"
"DH_45","MND_1","EST","2022","1"
"DH_45","YES","FIN","2022","1"
"DH_45","MND_1","FRA","2022","1"
"DH_45","NO","GEO","2022","1"
"DH_45","YES","DEU","2022","1"
"DH_45","MND_1","GRC","2022","1"
"DH_45","YES","HUN","2022","1"
"DH_45","NO","ISL","2022","1"
"DH_45","NO","IRL","2022","1"
"DH_45","YES","ISR","2022","1"
"DH_45","NO","ITA","2022","1"
"DH_45","NO","KAZ","2022","1"
"DH_45","NO","KGZ","2022","1"
"DH_45","NO","LVA","2022","1"
"DH_45","NO","LTU","2022","1"
"DH_45","YES","LUX","2022","1"
"DH_45","NO","MLT","2022","1"
"DH_45","NO","MCO","2022","1"
"DH_45","NO","MNE","2022","1"
"DH_45","YES","NLD","2022","1"
"DH_45","NO","MKD","2022","1"
"DH_45","YES","NOR","2022","1"
"DH_45","NO","POL","2022","1"
"DH_45","YES","PRT","2022","1"
"DH_45","NO","MDA","2022","1"
"DH_45","NO","UZB","2022","1"
"DH_45","YES","ROU","2022","1"
"DH_45","YES","RUS","2022","1"
"DH_45","NO","SMR","2022","1"
"DH_45","NO","SRB","2022","1"
"DH_45","YES","SVK","2022","1"
"DH_45","MND_1","SVN","2022","1"
"DH_45","YES","ESP","2022","1"
"DH_45","YES","SWE","2022","1"
"DH_45","YES","CHE","2022","1"
"DH_45","MND_1","TJK","2022","1"
"DH_45","MND_1","TKM","2022","1"
"DH_45","NO","TUR","2022","1"
"DH_45","NO","UKR","2022","1"
"DH_45","MND_1","GBR","2022","1"
"DH_46","YES","ALB","2022","1"
"DH_46","YES","AND","2022","1"
"DH_46","NO","ARM","2022","1"
"DH_46","YES","AUT","2022","1"
"DH_46","NO","AZE","2022","1"
"DH_46","YES","BLR","2022","1"
"DH_46","MND_1","BEL","2022","1"
"DH_46","MND_1","BIH","2022","1"
"DH_46","MND_1","BGR","2022","1"
"DH_46","MND_1","HRV","2022","1"
"DH_46","NO","CYP","2022","1"
"DH_46","YES","CZE","2022","1"
"DH_46","YES","DNK","2022","1"
"DH_46","YES","EST","2022","1"
"DH_46","YES","FIN","2022","1"
"DH_46","MND_1","FRA","2022","1"
"DH_46","NO","GEO","2022","1"
"DH_46","YES","DEU","2022","1"
"DH_46","YES","GRC","2022","1"
"DH_46","YES","HUN","2022","1"
"DH_46","YES","ISL","2022","1"
"DH_46","YES","IRL","2022","1"
"DH_46","YES","ISR","2022","1"
"DH_46","NO","ITA","2022","1"
"DH_46","NO","KAZ","2022","1"
"DH_46","NO","KGZ","2022","1"
"DH_46","NO","LVA","2022","1"
"DH_46","NO","LTU","2022","1"
"DH_46","NO","LUX","2022","1"
"DH_46","NO","MLT","2022","1"
"DH_46","NO","MCO","2022","1"
"DH_46","NO","MNE","2022","1"
"DH_46","YES","NLD","2022","1"
"DH_46","YES","MKD","2022","1"
"DH_46","YES","NOR","2022","1"
"DH_46","YES","POL","2022","1"
"DH_46","YES","PRT","2022","1"
"DH_46","NO","MDA","2022","1"
"DH_46","NO","UZB","2022","1"
"DH_46","YES","ROU","2022","1"
"DH_46","NO","RUS","2022","1"
"DH_46","NO","SMR","2022","1"
"DH_46","NO","SRB","2022","1"
"DH_46","NO","SVK","2022","1"
"DH_46","NO","SVN","2022","1"
"DH_46","MND_1","ESP","2022","1"
"DH_46","YES","SWE","2022","1"
"DH_46","YES","CHE","2022","1"
"DH_46","MND_1","TJK","2022","1"
"DH_46","MND_1","TKM","2022","1"
"DH_46","YES","TUR","2022","1"
"DH_46","NO","UKR","2022","1"
"DH_46","MND_1","GBR","2022","1"
"DH_47","YES","ALB","2022","1"
"DH_47","YES","AND","2022","1"
"DH_47","NO","ARM","2022","1"
"DH_47","YES","AUT","2022","1"
"DH_47","YES","AZE","2022","1"
"DH_47","NO","BLR","2022","1"
"DH_47","YES","BEL","2022","1"
"DH_47","MND_1","BIH","2022","1"
"DH_47","MND_1","BGR","2022","1"
"DH_47","MND_1","HRV","2022","1"
"DH_47","NO","CYP","2022","1"
"DH_47","NO","CZE","2022","1"
"DH_47","YES","DNK","2022","1"
"DH_47","YES","EST","2022","1"
"DH_47","YES","FIN","2022","1"
"DH_47","YES","FRA","2022","1"
"DH_47","YES","GEO","2022","1"
"DH_47","YES","DEU","2022","1"
"DH_47","MND_1","GRC","2022","1"
"DH_47","YES","HUN","2022","1"
"DH_47","NO","ISL","2022","1"
"DH_47","YES","IRL","2022","1"
"DH_47","YES","ISR","2022","1"
"DH_47","YES","ITA","2022","1"
"DH_47","NO","KAZ","2022","1"
"DH_47","NO","KGZ","2022","1"
"DH_47","YES","LVA","2022","1"
"DH_47","YES","LTU","2022","1"
"DH_47","YES","LUX","2022","1"
"DH_47","YES","MLT","2022","1"
"DH_47","YES","MCO","2022","1"
"DH_47","YES","MNE","2022","1"
"DH_47","YES","NLD","2022","1"
"DH_47","YES","MKD","2022","1"
"DH_47","YES","NOR","2022","1"
"DH_47","YES","POL","2022","1"
"DH_47","YES","PRT","2022","1"
"DH_47","NO","MDA","2022","1"
"DH_47","NO","UZB","2022","1"
"DH_47","YES","ROU","2022","1"
"DH_47","YES","RUS","2022","1"
"DH_47","YES","SMR","2022","1"
"DH_47","NO","SRB","2022","1"
"DH_47","NO","SVK","2022","1"
"DH_47","YES","SVN","2022","1"
"DH_47","YES","ESP","2022","1"
"DH_47","YES","SWE","2022","1"
"DH_47","YES","CHE","2022","1"
"DH_47","YES","TJK","2022","1"
"DH_47","MND_1","TKM","2022","1"
"DH_47","YES","TUR","2022","1"
"DH_47","YES","UKR","2022","1"
"DH_47","YES","GBR","2022","1"
"DH_48","YES","ALB","2022","1"
"DH_48","YES","AND","2022","1"
"DH_48","MND_1","ARM","2022","1"
"DH_48","YES","AUT","2022","1"
"DH_48","NO","AZE","2022","1"
"DH_48","NO","BLR","2022","1"
"DH_48","YES","BEL","2022","1"
"DH_48","MND_1","BIH","2022","1"
"DH_48","MND_1","BGR","2022","1"
"DH_48","YES","HRV","2022","1"
"DH_48","YES","CYP","2022","1"
"DH_48","MND_1","CZE","2022","1"
"DH_48","YES","DNK","2022","1"
"DH_48","MND_1","EST","2022","1"
"DH_48","YES","FIN","2022","1"
"DH_48","YES","FRA","2022","1"
"DH_48","YES","GEO","2022","1"
"DH_48","YES","DEU","2022","1"
"DH_48","YES","GRC","2022","1"
"DH_48","NO","HUN","2022","1"
"DH_48","YES","ISL","2022","1"
"DH_48","YES","IRL","2022","1"
"DH_48","YES","ISR","2022","1"
"DH_48","YES","ITA","2022","1"
"DH_48","YES","KAZ","2022","1"
"DH_48","NO","KGZ","2022","1"
"DH_48","YES","LVA","2022","1"
"DH_48","YES","LTU","2022","1"
"DH_48","YES","LUX","2022","1"
"DH_48","YES","MLT","2022","1"
"DH_48","MND_1","MCO","2022","1"
"DH_48","NO","MNE","2022","1"
"DH_48","YES","NLD","2022","1"
"DH_48","YES","MKD","2022","1"
"DH_48","YES","NOR","2022","1"
"DH_48","NO","POL","2022","1"
"DH_48","YES","PRT","2022","1"
"DH_48","YES","MDA","2022","1"
"DH_48","NO","UZB","2022","1"
"DH_48","YES","ROU","2022","1"
"DH_48","YES","RUS","2022","1"
"DH_48","NO","SMR","2022","1"
"DH_48","YES","SRB","2022","1"
"DH_48","MND_1","SVK","2022","1"
"DH_48","YES","SVN","2022","1"
"DH_48","YES","ESP","2022","1"
"DH_48","YES","SWE","2022","1"
"DH_48","MND_1","CHE","2022","1"
"DH_48","YES","TJK","2022","1"
"DH_48","MND_1","TKM","2022","1"
"DH_48","YES","TUR","2022","1"
"DH_48","YES","UKR","2022","1"
"DH_48","YES","GBR","2022","1"
"DH_49","YES","ALB","2022","1"
"DH_49","YES","AND","2022","1"
"DH_49","YES","ARM","2022","1"
"DH_49","YES","AUT","2022","1"
"DH_49","YES","AZE","2022","1"
"DH_49","NO","BLR","2022","1"
"DH_49","YES","BEL","2022","1"
"DH_49","MND_1","BIH","2022","1"
"DH_49","MND_1","BGR","2022","1"
"DH_49","YES","HRV","2022","1"
"DH_49","NO","CYP","2022","1"
"DH_49","MND_1","CZE","2022","1"
"DH_49","YES","DNK","2022","1"
"DH_49","MND_1","EST","2022","1"
"DH_49","YES","FIN","2022","1"
"DH_49","YES","FRA","2022","1"
"DH_49","YES","GEO","2022","1"
"DH_49","YES","DEU","2022","1"
"DH_49","MND_1","GRC","2022","1"
"DH_49","NO","HUN","2022","1"
"DH_49","YES","ISL","2022","1"
"DH_49","YES","IRL","2022","1"
"DH_49","YES","ISR","2022","1"
"DH_49","YES","ITA","2022","1"
"DH_49","YES","KAZ","2022","1"
"DH_49","NO","KGZ","2022","1"
"DH_49","YES","LVA","2022","1"
"DH_49","YES","LTU","2022","1"
"DH_49","NO","LUX","2022","1"
"DH_49","YES","MLT","2022","1"
"DH_49","MND_1","MCO","2022","1"
"DH_49","NO","MNE","2022","1"
"DH_49","YES","NLD","2022","1"
"DH_49","YES","MKD","2022","1"
"DH_49","YES","NOR","2022","1"
"DH_49","YES","POL","2022","1"
"DH_49","YES","PRT","2022","1"
"DH_49","YES","MDA","2022","1"
"DH_49","NO","UZB","2022","1"
"DH_49","YES","ROU","2022","1"
"DH_49","YES","RUS","2022","1"
"DH_49","NO","SMR","2022","1"
"DH_49","YES","SRB","2022","1"
"DH_49","MND_1","SVK","2022","1"
"DH_49","MND_1","SVN","2022","1"
"DH_49","YES","ESP","2022","1"
"DH_49","YES","SWE","2022","1"
"DH_49","MND_1","CHE","2022","1"
"DH_49","YES","TJK","2022","1"
"DH_49","MND_1","TKM","2022","1"
"DH_49","YES","TUR","2022","1"
"DH_49","YES","UKR","2022","1"
"DH_49","YES","GBR","2022","1"
"DH_50","NO","ALB","2022","1"
"DH_50","MND_1","AND","2022","1"
"DH_50","NO","ARM","2022","1"
"DH_50","YES","AUT","2022","1"
"DH_50","NO","AZE","2022","1"
"DH_50","NO","BLR","2022","1"
"DH_50","YES","BEL","2022","1"
"DH_50","MND_1","BIH","2022","1"
"DH_50","MND_1","BGR","2022","1"
"DH_50","MND_1","HRV","2022","1"
"DH_50","NO","CYP","2022","1"
"DH_50","MND_1","CZE","2022","1"
"DH_50","YES","DNK","2022","1"
"DH_50","MND_1","EST","2022","1"
"DH_50","YES","FIN","2022","1"
"DH_50","YES","FRA","2022","1"
"DH_50","NO","GEO","2022","1"
"DH_50","YES","DEU","2022","1"
"DH_50","MND_1","GRC","2022","1"
"DH_50","NO","HUN","2022","1"
"DH_50","NO","ISL","2022","1"
"DH_50","YES","IRL","2022","1"
"DH_50","YES","ISR","2022","1"
"DH_50","YES","ITA","2022","1"
"DH_50","YES","KAZ","2022","1"
"DH_50","NO","KGZ","2022","1"
"DH_50","YES","LVA","2022","1"
"DH_50","YES","LTU","2022","1"
"DH_50","NO","LUX","2022","1"
"DH_50","MND_1","MLT","2022","1"
"DH_50","MND_1","MCO","2022","1"
"DH_50","NO","MNE","2022","1"
"DH_50","YES","NLD","2022","1"
"DH_50","NO","MKD","2022","1"
"DH_50","MND_1","NOR","2022","1"
"DH_50","YES","POL","2022","1"
"DH_50","YES","PRT","2022","1"
"DH_50","YES","MDA","2022","1"
"DH_50","NO","UZB","2022","1"
"DH_50","YES","ROU","2022","1"
"DH_50","YES","RUS","2022","1"
"DH_50","YES","SMR","2022","1"
"DH_50","YES","SRB","2022","1"
"DH_50","MND_1","SVK","2022","1"
"DH_50","MND_1","SVN","2022","1"
"DH_50","YES","ESP","2022","1"
"DH_50","YES","SWE","2022","1"
"DH_50","MND_1","CHE","2022","1"
"DH_50","YES","TJK","2022","1"
"DH_50","MND_1","TKM","2022","1"
"DH_50","YES","TUR","2022","1"
"DH_50","NO","UKR","2022","1"
"DH_50","YES","GBR","2022","1"
"DH_51","YES","ALB","2022","1"
"DH_51","YES","AND","2022","1"
"DH_51","YES","ARM","2022","1"
"DH_51","YES","AUT","2022","1"
"DH_51","NO","AZE","2022","1"
"DH_51","NO","BLR","2022","1"
"DH_51","YES","BEL","2022","1"
"DH_51","MND_1","BIH","2022","1"
"DH_51","MND_1","BGR","2022","1"
"DH_51","NO","HRV","2022","1"
"DH_51","NO","CYP","2022","1"
"DH_51","MND_1","CZE","2022","1"
"DH_51","MND_1","DNK","2022","1"
"DH_51","MND_1","EST","2022","1"
"DH_51","YES","FIN","2022","1"
"DH_51","YES","FRA","2022","1"
"DH_51","NO","GEO","2022","1"
"DH_51","YES","DEU","2022","1"
"DH_51","MND_1","GRC","2022","1"
"DH_51","NO","HUN","2022","1"
"DH_51","NO","ISL","2022","1"
"DH_51","YES","IRL","2022","1"
"DH_51","MND_1","ISR","2022","1"
"DH_51","NO","ITA","2022","1"
"DH_51","YES","KAZ","2022","1"
"DH_51","NO","KGZ","2022","1"
"DH_51","NO","LVA","2022","1"
"DH_51","NO","LTU","2022","1"
"DH_51","NO","LUX","2022","1"
"DH_51","NO","MLT","2022","1"
"DH_51","MND_1","MCO","2022","1"
"DH_51","NO","MNE","2022","1"
"DH_51","YES","NLD","2022","1"
"DH_51","NO","MKD","2022","1"
"DH_51","NO","NOR","2022","1"
"DH_51","YES","POL","2022","1"
"DH_51","NO","PRT","2022","1"
"DH_51","YES","MDA","2022","1"
"DH_51","NO","UZB","2022","1"
"DH_51","NO","ROU","2022","1"
"DH_51","YES","RUS","2022","1"
"DH_51","YES","SMR","2022","1"
"DH_51","YES","SRB","2022","1"
"DH_51","MND_1","SVK","2022","1"
"DH_51","NO","SVN","2022","1"
"DH_51","YES","ESP","2022","1"
"DH_51","YES","SWE","2022","1"
"DH_51","MND_1","CHE","2022","1"
"DH_51","YES","TJK","2022","1"
"DH_51","MND_1","TKM","2022","1"
"DH_51","YES","TUR","2022","1"
"DH_51","YES","UKR","2022","1"
"DH_51","YES","GBR","2022","1"
"DH_52","YES","ALB","2022","1"
"DH_52","YES","AND","2022","1"
"DH_52","NO","ARM","2022","1"
"DH_52","YES","AUT","2022","1"
"DH_52","YES","AZE","2022","1"
"DH_52","NO","BLR","2022","1"
"DH_52","YES","BEL","2022","1"
"DH_52","MND_1","BIH","2022","1"
"DH_52","MND_1","BGR","2022","1"
"DH_52","YES","HRV","2022","1"
"DH_52","YES","CYP","2022","1"
"DH_52","MND_1","CZE","2022","1"
"DH_52","YES","DNK","2022","1"
"DH_52","MND_1","EST","2022","1"
"DH_52","YES","FIN","2022","1"
"DH_52","YES","FRA","2022","1"
"DH_52","YES","GEO","2022","1"
"DH_52","YES","DEU","2022","1"
"DH_52","YES","GRC","2022","1"
"DH_52","YES","HUN","2022","1"
"DH_52","YES","ISL","2022","1"
"DH_52","NO","IRL","2022","1"
"DH_52","YES","ISR","2022","1"
"DH_52","YES","ITA","2022","1"
"DH_52","YES","KAZ","2022","1"
"DH_52","YES","KGZ","2022","1"
"DH_52","YES","LVA","2022","1"
"DH_52","YES","LTU","2022","1"
"DH_52","NO","LUX","2022","1"
"DH_52","YES","MLT","2022","1"
"DH_52","MND_1","MCO","2022","1"
"DH_52","NO","MNE","2022","1"
"DH_52","YES","NLD","2022","1"
"DH_52","NO","MKD","2022","1"
"DH_52","YES","NOR","2022","1"
"DH_52","NO","POL","2022","1"
"DH_52","YES","PRT","2022","1"
"DH_52","NO","MDA","2022","1"
"DH_52","NO","UZB","2022","1"
"DH_52","NO","ROU","2022","1"
"DH_52","YES","RUS","2022","1"
"DH_52","YES","SMR","2022","1"
"DH_52","YES","SRB","2022","1"
"DH_52","MND_1","SVK","2022","1"
"DH_52","YES","SVN","2022","1"
"DH_52","YES","ESP","2022","1"
"DH_52","YES","SWE","2022","1"
"DH_52","MND_1","CHE","2022","1"
"DH_52","NO","TJK","2022","1"
"DH_52","MND_1","TKM","2022","1"
"DH_52","YES","TUR","2022","1"
"DH_52","YES","UKR","2022","1"
"DH_52","YES","GBR","2022","1"
"DH_53","YES","ALB","2022","1"
"DH_53","NO","AND","2022","1"
"DH_53","YES","ARM","2022","1"
"DH_53","YES","AUT","2022","1"
"DH_53","YES","AZE","2022","1"
"DH_53","YES","BLR","2022","1"
"DH_53","NO","BEL","2022","1"
"DH_53","MND_1","BIH","2022","1"
"DH_53","MND_1","BGR","2022","1"
"DH_53","YES","HRV","2022","1"
"DH_53","YES","CYP","2022","1"
"DH_53","MND_1","CZE","2022","1"
"DH_53","MND_1","DNK","2022","1"
"DH_53","MND_1","EST","2022","1"
"DH_53","YES","FIN","2022","1"
"DH_53","YES","FRA","2022","1"
"DH_53","NO","GEO","2022","1"
"DH_53","NO","DEU","2022","1"
"DH_53","MND_1","GRC","2022","1"
"DH_53","NO","HUN","2022","1"
"DH_53","NO","ISL","2022","1"
"DH_53","YES","IRL","2022","1"
"DH_53","YES","ISR","2022","1"
"DH_53","NO","ITA","2022","1"
"DH_53","YES","KAZ","2022","1"
"DH_53","NO","KGZ","2022","1"
"DH_53","YES","LVA","2022","1"
"DH_53","YES","LTU","2022","1"
"DH_53","NO","LUX","2022","1"
"DH_53","YES","MLT","2022","1"
"DH_53","MND_1","MCO","2022","1"
"DH_53","YES","MNE","2022","1"
"DH_53","YES","NLD","2022","1"
"DH_53","YES","MKD","2022","1"
"DH_53","YES","NOR","2022","1"
"DH_53","NO","POL","2022","1"
"DH_53","YES","PRT","2022","1"
"DH_53","YES","MDA","2022","1"
"DH_53","NO","UZB","2022","1"
"DH_53","NO","ROU","2022","1"
"DH_53","YES","RUS","2022","1"
"DH_53","NO","SMR","2022","1"
"DH_53","YES","SRB","2022","1"
"DH_53","MND_1","SVK","2022","1"
"DH_53","NO","SVN","2022","1"
"DH_53","YES","ESP","2022","1"
"DH_53","NO","SWE","2022","1"
"DH_53","MND_1","CHE","2022","1"
"DH_53","YES","TJK","2022","1"
"DH_53","YES","TUR","2022","1"
"DH_53","MND_1","TKM","2022","1"
"DH_53","YES","UKR","2022","1"
"DH_53","NO","GBR","2022","1"
"DH_54","NO","ALB","2022","1"
"DH_54","MND_1","AND","2022","1"
"DH_54","NO","ARM","2022","1"
"DH_54","YES","AUT","2022","1"
"DH_54","YES","AZE","2022","1"
"DH_54","NO","BLR","2022","1"
"DH_54","MND_1","BEL","2022","1"
"DH_54","MND_1","BIH","2022","1"
"DH_54","MND_1","BGR","2022","1"
"DH_54","MND_1","HRV","2022","1"
"DH_54","NO","CYP","2022","1"
"DH_54","MND_1","CZE","2022","1"
"DH_54","MND_1","DNK","2022","1"
"DH_54","MND_1","EST","2022","1"
"DH_54","YES","FIN","2022","1"
"DH_54","YES","FRA","2022","1"
"DH_54","YES","GEO","2022","1"
"DH_54","NO","DEU","2022","1"
"DH_54","MND_1","GRC","2022","1"
"DH_54","NO","HUN","2022","1"
"DH_54","YES","ISL","2022","1"
"DH_54","YES","IRL","2022","1"
"DH_54","MND_1","ISR","2022","1"
"DH_54","YES","ITA","2022","1"
"DH_54","NO","KAZ","2022","1"
"DH_54","NO","KGZ","2022","1"
"DH_54","NO","LVA","2022","1"
"DH_54","YES","LTU","2022","1"
"DH_54","NO","LUX","2022","1"
"DH_54","YES","MLT","2022","1"
"DH_54","MND_1","MCO","2022","1"
"DH_54","NO","MNE","2022","1"
"DH_54","YES","NLD","2022","1"
"DH_54","NO","MKD","2022","1"
"DH_54","MND_1","NOR","2022","1"
"DH_54","NO","POL","2022","1"
"DH_54","YES","PRT","2022","1"
"DH_54","NO","MDA","2022","1"
"DH_54","NO","UZB","2022","1"
"DH_54","NO","ROU","2022","1"
"DH_54","YES","RUS","2022","1"
"DH_54","NO","SMR","2022","1"
"DH_54","YES","SRB","2022","1"
"DH_54","MND_1","SVK","2022","1"
"DH_54","NO","SVN","2022","1"
"DH_54","YES","ESP","2022","1"
"DH_54","NO","SWE","2022","1"
"DH_54","MND_1","CHE","2022","1"
"DH_54","YES","TJK","2022","1"
"DH_54","MND_1","TKM","2022","1"
"DH_54","YES","TUR","2022","1"
"DH_54","YES","UKR","2022","1"
"DH_54","MND_1","GBR","2022","1"
"DH_55","NO","ALB","2022","1"
"DH_55","NO","AND","2022","1"
"DH_55","NO","ARM","2022","1"
"DH_55","NO","AUT","2022","1"
"DH_55","YES","AZE","2022","1"
"DH_55","MND_1","BLR","2022","1"
"DH_55","NO","BEL","2022","1"
"DH_55","MND_1","BIH","2022","1"
"DH_55","NO","BGR","2022","1"
"DH_55","NO","HRV","2022","1"
"DH_55","NO","CYP","2022","1"
"DH_55","NO","CZE","2022","1"
"DH_55","NO","DNK","2022","1"
"DH_55","NO","EST","2022","1"
"DH_55","MND_1","FIN","2022","1"
"DH_55","YES","FRA","2022","1"
"DH_55","YES","GEO","2022","1"
"DH_55","NO","DEU","2022","1"
"DH_55","NO","GRC","2022","1"
"DH_55","NO","HUN","2022","1"
"DH_55","NO","ISL","2022","1"
"DH_55","MND_1","IRL","2022","1"
"DH_55","YES","ISR","2022","1"
"DH_55","NO","ITA","2022","1"
"DH_55","MND_1","KAZ","2022","1"
"DH_55","MND_1","KGZ","2022","1"
"DH_55","YES","LVA","2022","1"
"DH_55","NO","LTU","2022","1"
"DH_55","NO","LUX","2022","1"
"DH_55","NO","MLT","2022","1"
"DH_55","YES","MCO","2022","1"
"DH_55","YES","MNE","2022","1"
"DH_55","NO","NLD","2022","1"
"DH_55","NO","MKD","2022","1"
"DH_55","NO","NOR","2022","1"
"DH_55","NO","POL","2022","1"
"DH_55","NO","PRT","2022","1"
"DH_55","NO","MDA","2022","1"
"DH_55","YES","UZB","2022","1"
"DH_55","NO","ROU","2022","1"
"DH_55","MND_1","RUS","2022","1"
"DH_55","NO","SMR","2022","1"
"DH_55","NO","SRB","2022","1"
"DH_55","NO","SVK","2022","1"
"DH_55","NO","SVN","2022","1"
"DH_55","YES","ESP","2022","1"
"DH_55","MND_1","SWE","2022","1"
"DH_55","YES","CHE","2022","1"
"DH_55","NO","TJK","2022","1"
"DH_55","YES","TKM","2022","1"
"DH_55","YES","TUR","2022","1"
"DH_55","NO","UKR","2022","1"
"DH_55","MND_1","GBR","2022","1"
"DH_56","NO","ALB","2022","1"
"DH_56","NO","AND","2022","1"
"DH_56","NO","ARM","2022","1"
"DH_56","YES","AUT","2022","1"
"DH_56","NO","AZE","2022","1"
"DH_56","MND_1","BLR","2022","1"
"DH_56","NO","BEL","2022","1"
"DH_56","MND_1","BIH","2022","1"
"DH_56","NO","BGR","2022","1"
"DH_56","NO","HRV","2022","1"
"DH_56","NO","CYP","2022","1"
"DH_56","NO","CZE","2022","1"
"DH_56","NO","DNK","2022","1"
"DH_56","NO","EST","2022","1"
"DH_56","YES","FIN","2022","1"
"DH_56","YES","FRA","2022","1"
"DH_56","YES","GEO","2022","1"
"DH_56","YES","DEU","2022","1"
"DH_56","NO","GRC","2022","1"
"DH_56","NO","HUN","2022","1"
"DH_56","YES","ISL","2022","1"
"DH_56","MND_1","IRL","2022","1"
"DH_56","YES","ISR","2022","1"
"DH_56","NO","ITA","2022","1"
"DH_56","MND_1","KAZ","2022","1"
"DH_56","MND_1","KGZ","2022","1"
"DH_56","YES","LVA","2022","1"
"DH_56","YES","LTU","2022","1"
"DH_56","NO","LUX","2022","1"
"DH_56","NO","MLT","2022","1"
"DH_56","YES","MCO","2022","1"
"DH_56","MND_1","MNE","2022","1"
"DH_56","YES","NLD","2022","1"
"DH_56","NO","MKD","2022","1"
"DH_56","NO","NOR","2022","1"
"DH_56","NO","POL","2022","1"
"DH_56","NO","PRT","2022","1"
"DH_56","NO","MDA","2022","1"
"DH_56","NO","UZB","2022","1"
"DH_56","YES","ROU","2022","1"
"DH_56","MND_1","RUS","2022","1"
"DH_56","NO","SMR","2022","1"
"DH_56","NO","SRB","2022","1"
"DH_56","NO","SVK","2022","1"
"DH_56","NO","SVN","2022","1"
"DH_56","MND_1","ESP","2022","1"
"DH_56","MND_1","SWE","2022","1"
"DH_56","NO","CHE","2022","1"
"DH_56","NO","TJK","2022","1"
"DH_56","YES","TKM","2022","1"
"DH_56","YES","TUR","2022","1"
"DH_56","NO","UKR","2022","1"
"DH_56","MND_1","GBR","2022","1"
"DH_57","NO","ALB","2022","1"
"DH_57","NO","AND","2022","1"
"DH_57","NO","ARM","2022","1"
"DH_57","NO","AUT","2022","1"
"DH_57","NO","AZE","2022","1"
"DH_57","MND_1","BLR","2022","1"
"DH_57","NO","BEL","2022","1"
"DH_57","MND_1","BIH","2022","1"
"DH_57","NO","BGR","2022","1"
"DH_57","YES","HRV","2022","1"
"DH_57","NO","CYP","2022","1"
"DH_57","NO","CZE","2022","1"
"DH_57","YES","DNK","2022","1"
"DH_57","NO","EST","2022","1"
"DH_57","YES","FIN","2022","1"
"DH_57","YES","FRA","2022","1"
"DH_57","NO","GEO","2022","1"
"DH_57","NO","DEU","2022","1"
"DH_57","NO","GRC","2022","1"
"DH_57","NO","HUN","2022","1"
"DH_57","NO","ISL","2022","1"
"DH_57","MND_1","IRL","2022","1"
"DH_57","NO","ISR","2022","1"
"DH_57","NO","ITA","2022","1"
"DH_57","YES","KAZ","2022","1"
"DH_57","MND_1","KGZ","2022","1"
"DH_57","NO","LVA","2022","1"
"DH_57","NO","LTU","2022","1"
"DH_57","NO","LUX","2022","1"
"DH_57","NO","MLT","2022","1"
"DH_57","NO","MCO","2022","1"
"DH_57","MND_1","MNE","2022","1"
"DH_57","NO","NLD","2022","1"
"DH_57","NO","MKD","2022","1"
"DH_57","NO","NOR","2022","1"
"DH_57","NO","POL","2022","1"
"DH_57","NO","PRT","2022","1"
"DH_57","NO","MDA","2022","1"
"DH_57","YES","UZB","2022","1"
"DH_57","YES","ROU","2022","1"
"DH_57","MND_1","RUS","2022","1"
"DH_57","NO","SMR","2022","1"
"DH_57","NO","SRB","2022","1"
"DH_57","NO","SVK","2022","1"
"DH_57","NO","SVN","2022","1"
"DH_57","MND_1","ESP","2022","1"
"DH_57","MND_1","SWE","2022","1"
"DH_57","NO","CHE","2022","1"
"DH_57","NO","TJK","2022","1"
"DH_57","MND_1","TKM","2022","1"
"DH_57","NO","TUR","2022","1"
"DH_57","NO","UKR","2022","1"
"DH_57","MND_1","GBR","2022","1"
"DH_58","NO","ALB","2022","1"
"DH_58","NO","AND","2022","1"
"DH_58","NO","ARM","2022","1"
"DH_58","NO","AUT","2022","1"
"DH_58","NO","AZE","2022","1"
"DH_58","MND_1","BLR","2022","1"
"DH_58","NO","BEL","2022","1"
"DH_58","MND_1","BIH","2022","1"
"DH_58","NO","BGR","2022","1"
"DH_58","NO","HRV","2022","1"
"DH_58","NO","CYP","2022","1"
"DH_58","NO","CZE","2022","1"
"DH_58","NO","DNK","2022","1"
"DH_58","NO","EST","2022","1"
"DH_58","YES","FIN","2022","1"
"DH_58","NO","FRA","2022","1"
"DH_58","NO","GEO","2022","1"
"DH_58","YES","DEU","2022","1"
"DH_58","NO","GRC","2022","1"
"DH_58","NO","HUN","2022","1"
"DH_58","NO","ISL","2022","1"
"DH_58","MND_1","IRL","2022","1"
"DH_58","NO","ISR","2022","1"
"DH_58","NO","ITA","2022","1"
"DH_58","MND_1","KAZ","2022","1"
"DH_58","MND_1","KGZ","2022","1"
"DH_58","NO","LVA","2022","1"
"DH_58","YES","LTU","2022","1"
"DH_58","NO","LUX","2022","1"
"DH_58","NO","MLT","2022","1"
"DH_58","NO","MCO","2022","1"
"DH_58","MND_1","MNE","2022","1"
"DH_58","NO","NLD","2022","1"
"DH_58","NO","MKD","2022","1"
"DH_58","YES","NOR","2022","1"
"DH_58","NO","POL","2022","1"
"DH_58","NO","PRT","2022","1"
"DH_58","NO","MDA","2022","1"
"DH_58","NO","UZB","2022","1"
"DH_58","NO","ROU","2022","1"
"DH_58","MND_1","RUS","2022","1"
"DH_58","NO","SMR","2022","1"
"DH_58","NO","SRB","2022","1"
"DH_58","NO","SVK","2022","1"
"DH_58","NO","SVN","2022","1"
"DH_58","MND_1","ESP","2022","1"
"DH_58","MND_1","SWE","2022","1"
"DH_58","NO","CHE","2022","1"
"DH_58","NO","TJK","2022","1"
"DH_58","MND_1","TKM","2022","1"
"DH_58","YES","TUR","2022","1"
"DH_58","NO","UKR","2022","1"
"DH_58","MND_1","GBR","2022","1"
"DH_59","NO","ALB","2022","1"
"DH_59","NO","AND","2022","1"
"DH_59","NO","ARM","2022","1"
"DH_59","NO","AUT","2022","1"
"DH_59","YES","AZE","2022","1"
"DH_59","MND_1","BLR","2022","1"
"DH_59","NO","BEL","2022","1"
"DH_59","MND_1","BIH","2022","1"
"DH_59","NO","BGR","2022","1"
"DH_59","NO","HRV","2022","1"
"DH_59","NO","CYP","2022","1"
"DH_59","NO","CZE","2022","1"
"DH_59","NO","DNK","2022","1"
"DH_59","NO","EST","2022","1"
"DH_59","YES","FIN","2022","1"
"DH_59","NO","FRA","2022","1"
"DH_59","NO","GEO","2022","1"
"DH_59","YES","DEU","2022","1"
"DH_59","NO","GRC","2022","1"
"DH_59","NO","HUN","2022","1"
"DH_59","NO","ISL","2022","1"
"DH_59","MND_1","IRL","2022","1"
"DH_59","NO","ISR","2022","1"
"DH_59","NO","ITA","2022","1"
"DH_59","MND_1","KAZ","2022","1"
"DH_59","MND_1","KGZ","2022","1"
"DH_59","NO","LVA","2022","1"
"DH_59","NO","LTU","2022","1"
"DH_59","NO","LUX","2022","1"
"DH_59","NO","MLT","2022","1"
"DH_59","NO","MCO","2022","1"
"DH_59","MND_1","MNE","2022","1"
"DH_59","NO","NLD","2022","1"
"DH_59","NO","MKD","2022","1"
"DH_59","NO","NOR","2022","1"
"DH_59","NO","POL","2022","1"
"DH_59","NO","PRT","2022","1"
"DH_59","NO","MDA","2022","1"
"DH_59","YES","UZB","2022","1"
"DH_59","NO","ROU","2022","1"
"DH_59","MND_1","RUS","2022","1"
"DH_59","NO","SMR","2022","1"
"DH_59","NO","SRB","2022","1"
"DH_59","NO","SVK","2022","1"
"DH_59","NO","SVN","2022","1"
"DH_59","MND_1","ESP","2022","1"
"DH_59","MND_1","SWE","2022","1"
"DH_59","NO","CHE","2022","1"
"DH_59","NO","TJK","2022","1"
"DH_59","MND_1","TKM","2022","1"
"DH_59","NO","TUR","2022","1"
"DH_59","NO","UKR","2022","1"
"DH_59","MND_1","GBR","2022","1"
"DH_60","NO","ALB","2022","1"
"DH_60","NO","AND","2022","1"
"DH_60","NO","ARM","2022","1"
"DH_60","NO","AUT","2022","1"
"DH_60","YES","AZE","2022","1"
"DH_60","MND_1","BLR","2022","1"
"DH_60","NO","BEL","2022","1"
"DH_60","MND_1","BIH","2022","1"
"DH_60","NO","BGR","2022","1"
"DH_60","NO","HRV","2022","1"
"DH_60","NO","CYP","2022","1"
"DH_60","NO","CZE","2022","1"
"DH_60","NO","DNK","2022","1"
"DH_60","NO","EST","2022","1"
"DH_60","YES","FIN","2022","1"
"DH_60","NO","FRA","2022","1"
"DH_60","NO","GEO","2022","1"
"DH_60","YES","DEU","2022","1"
"DH_60","NO","GRC","2022","1"
"DH_60","NO","HUN","2022","1"
"DH_60","NO","ISL","2022","1"
"DH_60","MND_1","IRL","2022","1"
"DH_60","NO","ISR","2022","1"
"DH_60","NO","ITA","2022","1"
"DH_60","MND_1","KAZ","2022","1"
"DH_60","MND_1","KGZ","2022","1"
"DH_60","NO","LVA","2022","1"
"DH_60","NO","LTU","2022","1"
"DH_60","NO","LUX","2022","1"
"DH_60","NO","MLT","2022","1"
"DH_60","NO","MCO","2022","1"
"DH_60","MND_1","MNE","2022","1"
"DH_60","NO","NLD","2022","1"
"DH_60","NO","MKD","2022","1"
"DH_60","YES","NOR","2022","1"
"DH_60","NO","POL","2022","1"
"DH_60","NO","PRT","2022","1"
"DH_60","NO","MDA","2022","1"
"DH_60","NO","UZB","2022","1"
"DH_60","NO","ROU","2022","1"
"DH_60","MND_1","RUS","2022","1"
"DH_60","NO","SMR","2022","1"
"DH_60","NO","SRB","2022","1"
"DH_60","NO","SVK","2022","1"
"DH_60","NO","SVN","2022","1"
"DH_60","MND_1","ESP","2022","1"
"DH_60","MND_1","SWE","2022","1"
"DH_60","NO","CHE","2022","1"
"DH_60","NO","TJK","2022","1"
"DH_60","MND_1","TKM","2022","1"
"DH_60","YES","TUR","2022","1"
"DH_60","NO","UKR","2022","1"
"DH_60","MND_1","GBR","2022","1"
"DH_61","NO","ALB","2022","1"
"DH_61","NO","AND","2022","1"
"DH_61","NO","ARM","2022","1"
"DH_61","NO","AUT","2022","1"
"DH_61","NO","AZE","2022","1"
"DH_61","MND_1","BLR","2022","1"
"DH_61","NO","BEL","2022","1"
"DH_61","MND_1","BIH","2022","1"
"DH_61","NO","BGR","2022","1"
"DH_61","NO","HRV","2022","1"
"DH_61","NO","CYP","2022","1"
"DH_61","NO","CZE","2022","1"
"DH_61","NO","DNK","2022","1"
"DH_61","NO","EST","2022","1"
"DH_61","MND_1","FIN","2022","1"
"DH_61","NO","FRA","2022","1"
"DH_61","YES","GEO","2022","1"
"DH_61","YES","DEU","2022","1"
"DH_61","NO","GRC","2022","1"
"DH_61","NO","HUN","2022","1"
"DH_61","NO","ISL","2022","1"
"DH_61","MND_1","IRL","2022","1"
"DH_61","NO","ISR","2022","1"
"DH_61","YES","ITA","2022","1"
"DH_61","MND_1","KAZ","2022","1"
"DH_61","MND_1","KGZ","2022","1"
"DH_61","NO","LVA","2022","1"
"DH_61","NO","LTU","2022","1"
"DH_61","NO","LUX","2022","1"
"DH_61","NO","MLT","2022","1"
"DH_61","NO","MCO","2022","1"
"DH_61","MND_1","MNE","2022","1"
"DH_61","NO","NLD","2022","1"
"DH_61","NO","MKD","2022","1"
"DH_61","NO","NOR","2022","1"
"DH_61","NO","POL","2022","1"
"DH_61","NO","PRT","2022","1"
"DH_61","NO","MDA","2022","1"
"DH_61","NO","UZB","2022","1"
"DH_61","NO","ROU","2022","1"
"DH_61","MND_1","RUS","2022","1"
"DH_61","NO","SMR","2022","1"
"DH_61","NO","SRB","2022","1"
"DH_61","NO","SVK","2022","1"
"DH_61","NO","SVN","2022","1"
"DH_61","MND_1","ESP","2022","1"
"DH_61","MND_1","SWE","2022","1"
"DH_61","NO","CHE","2022","1"
"DH_61","NO","TJK","2022","1"
"DH_61","MND_1","TKM","2022","1"
"DH_61","NO","TUR","2022","1"
"DH_61","NO","UKR","2022","1"
"DH_61","MND_1","GBR","2022","1"
"DH_62","NO","ALB","2022","1"
"DH_62","YES","AND","2022","1"
"DH_62","NO","ARM","2022","1"
"DH_62","NO","AUT","2022","1"
"DH_62","YES","AZE","2022","1"
"DH_62","MND_1","BLR","2022","1"
"DH_62","NO","BEL","2022","1"
"DH_62","MND_1","BIH","2022","1"
"DH_62","YES","BGR","2022","1"
"DH_62","NO","HRV","2022","1"
"DH_62","NO","CYP","2022","1"
"DH_62","NO","CZE","2022","1"
"DH_62","YES","DNK","2022","1"
"DH_62","NO","EST","2022","1"
"DH_62","YES","FIN","2022","1"
"DH_62","NO","FRA","2022","1"
"DH_62","NO","GEO","2022","1"
"DH_62","NO","DEU","2022","1"
"DH_62","NO","GRC","2022","1"
"DH_62","NO","HUN","2022","1"
"DH_62","YES","ISL","2022","1"
"DH_62","YES","IRL","2022","1"
"DH_62","NO","ISR","2022","1"
"DH_62","NO","ITA","2022","1"
"DH_62","MND_1","KAZ","2022","1"
"DH_62","MND_1","KGZ","2022","1"
"DH_62","NO","LVA","2022","1"
"DH_62","NO","LTU","2022","1"
"DH_62","NO","LUX","2022","1"
"DH_62","YES","MLT","2022","1"
"DH_62","YES","MCO","2022","1"
"DH_62","MND_1","MNE","2022","1"
"DH_62","NO","NLD","2022","1"
"DH_62","NO","MKD","2022","1"
"DH_62","YES","NOR","2022","1"
"DH_62","NO","POL","2022","1"
"DH_62","NO","PRT","2022","1"
"DH_62","NO","MDA","2022","1"
"DH_62","NO","UZB","2022","1"
"DH_62","NO","ROU","2022","1"
"DH_62","MND_1","RUS","2022","1"
"DH_62","NO","SMR","2022","1"
"DH_62","YES","SRB","2022","1"
"DH_62","YES","SVK","2022","1"
"DH_62","NO","SVN","2022","1"
"DH_62","YES","ESP","2022","1"
"DH_62","MND_1","SWE","2022","1"
"DH_62","YES","CHE","2022","1"
"DH_62","NO","TJK","2022","1"
"DH_62","MND_1","TKM","2022","1"
"DH_62","YES","TUR","2022","1"
"DH_62","NO","UKR","2022","1"
"DH_62","YES","GBR","2022","1"
"DH_63","NO","ALB","2022","1"
"DH_63","YES","AND","2022","1"
"DH_63","NO","ARM","2022","1"
"DH_63","YES","AUT","2022","1"
"DH_63","YES","AZE","2022","1"
"DH_63","MND_1","BLR","2022","1"
"DH_63","YES","BEL","2022","1"
"DH_63","MND_1","BIH","2022","1"
"DH_63","NO","BGR","2022","1"
"DH_63","YES","HRV","2022","1"
"DH_63","YES","CYP","2022","1"
"DH_63","NO","CZE","2022","1"
"DH_63","YES","DNK","2022","1"
"DH_63","YES","EST","2022","1"
"DH_63","YES","FIN","2022","1"
"DH_63","YES","FRA","2022","1"
"DH_63","YES","GEO","2022","1"
"DH_63","YES","DEU","2022","1"
"DH_63","NO","GRC","2022","1"
"DH_63","YES","HUN","2022","1"
"DH_63","YES","ISL","2022","1"
"DH_63","YES","IRL","2022","1"
"DH_63","YES","ISR","2022","1"
"DH_63","YES","ITA","2022","1"
"DH_63","YES","KAZ","2022","1"
"DH_63","YES","KGZ","2022","1"
"DH_63","YES","LVA","2022","1"
"DH_63","YES","LTU","2022","1"
"DH_63","NO","LUX","2022","1"
"DH_63","YES","MLT","2022","1"
"DH_63","NO","MCO","2022","1"
"DH_63","MND_1","MNE","2022","1"
"DH_63","YES","NLD","2022","1"
"DH_63","YES","MKD","2022","1"
"DH_63","YES","NOR","2022","1"
"DH_63","YES","POL","2022","1"
"DH_63","YES","PRT","2022","1"
"DH_63","NO","MDA","2022","1"
"DH_63","NO","UZB","2022","1"
"DH_63","NO","ROU","2022","1"
"DH_63","MND_1","RUS","2022","1"
"DH_63","NO","SMR","2022","1"
"DH_63","NO","SRB","2022","1"
"DH_63","NO","SVK","2022","1"
"DH_63","YES","SVN","2022","1"
"DH_63","YES","ESP","2022","1"
"DH_63","MND_1","SWE","2022","1"
"DH_63","YES","CHE","2022","1"
"DH_63","NO","TJK","2022","1"
"DH_63","YES","TKM","2022","1"
"DH_63","YES","TUR","2022","1"
"DH_63","YES","UKR","2022","1"
"DH_63","YES","GBR","2022","1"
"DH_64","NO","ALB","2022","1"
"DH_64","YES","AND","2022","1"
"DH_64","NO","ARM","2022","1"
"DH_64","NO","AUT","2022","1"
"DH_64","NO","AZE","2022","1"
"DH_64","MND_1","BLR","2022","1"
"DH_64","NO","BEL","2022","1"
"DH_64","MND_1","BIH","2022","1"
"DH_64","NO","BGR","2022","1"
"DH_64","YES","HRV","2022","1"
"DH_64","YES","CYP","2022","1"
"DH_64","NO","CZE","2022","1"
"DH_64","YES","DNK","2022","1"
"DH_64","NO","EST","2022","1"
"DH_64","YES","FIN","2022","1"
"DH_64","NO","FRA","2022","1"
"DH_64","NO","GEO","2022","1"
"DH_64","YES","DEU","2022","1"
"DH_64","NO","GRC","2022","1"
"DH_64","NO","HUN","2022","1"
"DH_64","YES","ISL","2022","1"
"DH_64","MND_1","IRL","2022","1"
"DH_64","NO","ISR","2022","1"
"DH_64","NO","ITA","2022","1"
"DH_64","YES","KAZ","2022","1"
"DH_64","MND_1","KGZ","2022","1"
"DH_64","YES","LVA","2022","1"
"DH_64","NO","LTU","2022","1"
"DH_64","NO","LUX","2022","1"
"DH_64","YES","MLT","2022","1"
"DH_64","NO","MCO","2022","1"
"DH_64","MND_1","MNE","2022","1"
"DH_64","NO","NLD","2022","1"
"DH_64","NO","MKD","2022","1"
"DH_64","YES","NOR","2022","1"
"DH_64","YES","POL","2022","1"
"DH_64","YES","PRT","2022","1"
"DH_64","NO","MDA","2022","1"
"DH_64","YES","UZB","2022","1"
"DH_64","YES","ROU","2022","1"
"DH_64","YES","RUS","2022","1"
"DH_64","NO","SMR","2022","1"
"DH_64","YES","SRB","2022","1"
"DH_64","YES","SVK","2022","1"
"DH_64","NO","SVN","2022","1"
"DH_64","MND_1","ESP","2022","1"
"DH_64","MND_1","SWE","2022","1"
"DH_64","NO","CHE","2022","1"
"DH_64","NO","TJK","2022","1"
"DH_64","MND_1","TKM","2022","1"
"DH_64","NO","TUR","2022","1"
"DH_64","YES","UKR","2022","1"
"DH_64","YES","GBR","2022","1"
"DH_65","YES","ALB","2022","1"
"DH_65","YES","AND","2022","1"
"DH_65","NO","ARM","2022","1"
"DH_65","NO","AUT","2022","1"
"DH_65","NO","AZE","2022","1"
"DH_65","MND_1","BLR","2022","1"
"DH_65","NO","BEL","2022","1"
"DH_65","MND_1","BIH","2022","1"
"DH_65","YES","BGR","2022","1"
"DH_65","YES","HRV","2022","1"
"DH_65","YES","CYP","2022","1"
"DH_65","NO","CZE","2022","1"
"DH_65","YES","DNK","2022","1"
"DH_65","NO","EST","2022","1"
"DH_65","YES","FIN","2022","1"
"DH_65","NO","FRA","2022","1"
"DH_65","YES","GEO","2022","1"
"DH_65","YES","DEU","2022","1"
"DH_65","YES","GRC","2022","1"
"DH_65","YES","HUN","2022","1"
"DH_65","YES","ISL","2022","1"
"DH_65","MND_1","IRL","2022","1"
"DH_65","NO","ISR","2022","1"
"DH_65","NO","ITA","2022","1"
"DH_65","YES","KAZ","2022","1"
"DH_65","YES","KGZ","2022","1"
"DH_65","YES","LVA","2022","1"
"DH_65","NO","LTU","2022","1"
"DH_65","NO","LUX","2022","1"
"DH_65","YES","MLT","2022","1"
"DH_65","NO","MCO","2022","1"
"DH_65","MND_1","MNE","2022","1"
"DH_65","NO","NLD","2022","1"
"DH_65","NO","MKD","2022","1"
"DH_65","YES","NOR","2022","1"
"DH_65","YES","POL","2022","1"
"DH_65","YES","PRT","2022","1"
"DH_65","NO","MDA","2022","1"
"DH_65","YES","UZB","2022","1"
"DH_65","YES","ROU","2022","1"
"DH_65","YES","RUS","2022","1"
"DH_65","NO","SMR","2022","1"
"DH_65","YES","SRB","2022","1"
"DH_65","YES","SVK","2022","1"
"DH_65","NO","SVN","2022","1"
"DH_65","YES","ESP","2022","1"
"DH_65","MND_1","SWE","2022","1"
"DH_65","YES","CHE","2022","1"
"DH_65","NO","TJK","2022","1"
"DH_65","MND_1","TKM","2022","1"
"DH_65","YES","TUR","2022","1"
"DH_65","YES","UKR","2022","1"
"DH_65","YES","GBR","2022","1"
"DH_66","YES","ALB","2022","1"
"DH_66","YES","AND","2022","1"
"DH_66","YES","ARM","2022","1"
"DH_66","NO","AUT","2022","1"
"DH_66","NO","AZE","2022","1"
"DH_66","MND_1","BLR","2022","1"
"DH_66","NO","BEL","2022","1"
"DH_66","MND_1","BIH","2022","1"
"DH_66","NO","BGR","2022","1"
"DH_66","YES","HRV","2022","1"
"DH_66","NO","CYP","2022","1"
"DH_66","NO","CZE","2022","1"
"DH_66","YES","DNK","2022","1"
"DH_66","NO","EST","2022","1"
"DH_66","MND_1","FIN","2022","1"
"DH_66","NO","FRA","2022","1"
"DH_66","YES","GEO","2022","1"
"DH_66","YES","DEU","2022","1"
"DH_66","NO","GRC","2022","1"
"DH_66","NO","HUN","2022","1"
"DH_66","YES","ISL","2022","1"
"DH_66","MND_1","IRL","2022","1"
"DH_66","NO","ISR","2022","1"
"DH_66","NO","ITA","2022","1"
"DH_66","YES","KAZ","2022","1"
"DH_66","MND_1","KGZ","2022","1"
"DH_66","NO","LVA","2022","1"
"DH_66","NO","LTU","2022","1"
"DH_66","NO","LUX","2022","1"
"DH_66","NO","MLT","2022","1"
"DH_66","NO","MCO","2022","1"
"DH_66","MND_1","MNE","2022","1"
"DH_66","NO","NLD","2022","1"
"DH_66","NO","MKD","2022","1"
"DH_66","NO","NOR","2022","1"
"DH_66","NO","POL","2022","1"
"DH_66","YES","PRT","2022","1"
"DH_66","NO","MDA","2022","1"
"DH_66","YES","UZB","2022","1"
"DH_66","NO","ROU","2022","1"
"DH_66","YES","RUS","2022","1"
"DH_66","NO","SMR","2022","1"
"DH_66","YES","SRB","2022","1"
"DH_66","NO","SVK","2022","1"
"DH_66","NO","SVN","2022","1"
"DH_66","YES","ESP","2022","1"
"DH_66","MND_1","SWE","2022","1"
"DH_66","NO","CHE","2022","1"
"DH_66","NO","TJK","2022","1"
"DH_66","MND_1","TKM","2022","1"
"DH_66","YES","TUR","2022","1"
"DH_66","YES","UKR","2022","1"
"DH_66","YES","GBR","2022","1"
"DH_67","YES","ALB","2022","1"
"DH_67","MND_1","AND","2022","1"
"DH_67","NO","ARM","2022","1"
"DH_67","NO","AUT","2022","1"
"DH_67","YES","AZE","2022","1"
"DH_67","YES","BLR","2022","1"
"DH_67","YES","BEL","2022","1"
"DH_67","MND_1","BIH","2022","1"
"DH_67","NO","BGR","2022","1"
"DH_67","NO","HRV","2022","1"
"DH_67","YES","CYP","2022","1"
"DH_67","NO","CZE","2022","1"
"DH_67","YES","DNK","2022","1"
"DH_67","YES","EST","2022","1"
"DH_67","YES","FIN","2022","1"
"DH_67","YES","FRA","2022","1"
"DH_67","NO","GEO","2022","1"
"DH_67","YES","DEU","2022","1"
"DH_67","YES","GRC","2022","1"
"DH_67","YES","HUN","2022","1"
"DH_67","YES","ISL","2022","1"
"DH_67","NO","IRL","2022","1"
"DH_67","YES","ISR","2022","1"
"DH_67","YES","ITA","2022","1"
"DH_67","NO","KAZ","2022","1"
"DH_67","NO","KGZ","2022","1"
"DH_67","YES","LVA","2022","1"
"DH_67","NO","LTU","2022","1"
"DH_67","YES","LUX","2022","1"
"DH_67","YES","MLT","2022","1"
"DH_67","YES","MCO","2022","1"
"DH_67","NO","MNE","2022","1"
"DH_67","NO","NLD","2022","1"
"DH_67","NO","MKD","2022","1"
"DH_67","YES","NOR","2022","1"
"DH_67","NO","POL","2022","1"
"DH_67","YES","PRT","2022","1"
"DH_67","NO","MDA","2022","1"
"DH_67","NO","UZB","2022","1"
"DH_67","YES","ROU","2022","1"
"DH_67","YES","RUS","2022","1"
"DH_67","NO","SMR","2022","1"
"DH_67","MND_1","SRB","2022","1"
"DH_67","NO","SVK","2022","1"
"DH_67","NO","SVN","2022","1"
"DH_67","YES","ESP","2022","1"
"DH_67","YES","SWE","2022","1"
"DH_67","YES","CHE","2022","1"
"DH_67","YES","TJK","2022","1"
"DH_67","MND_1","TKM","2022","1"
"DH_67","YES","TUR","2022","1"
"DH_67","YES","UKR","2022","1"
"DH_67","YES","GBR","2022","1"
"DH_68","YES","ALB","2022","1"
"DH_68","MND_1","AND","2022","1"
"DH_68","NO","ARM","2022","1"
"DH_68","YES","AUT","2022","1"
"DH_68","NO","AZE","2022","1"
"DH_68","NO","BLR","2022","1"
"DH_68","YES","BEL","2022","1"
"DH_68","MND_1","BIH","2022","1"
"DH_68","NO","BGR","2022","1"
"DH_68","NO","HRV","2022","1"
"DH_68","YES","CYP","2022","1"
"DH_68","NO","CZE","2022","1"
"DH_68","YES","DNK","2022","1"
"DH_68","MND_1","EST","2022","1"
"DH_68","YES","FIN","2022","1"
"DH_68","YES","FRA","2022","1"
"DH_68","NO","GEO","2022","1"
"DH_68","NO","DEU","2022","1"
"DH_68","YES","GRC","2022","1"
"DH_68","YES","HUN","2022","1"
"DH_68","YES","ISL","2022","1"
"DH_68","NO","IRL","2022","1"
"DH_68","YES","ISR","2022","1"
"DH_68","NO","ITA","2022","1"
"DH_68","NO","KAZ","2022","1"
"DH_68","NO","KGZ","2022","1"
"DH_68","NO","LVA","2022","1"
"DH_68","NO","LTU","2022","1"
"DH_68","NO","LUX","2022","1"
"DH_68","NO","MLT","2022","1"
"DH_68","MND_1","MCO","2022","1"
"DH_68","NO","MNE","2022","1"
"DH_68","NO","NLD","2022","1"
"DH_68","NO","MKD","2022","1"
"DH_68","YES","NOR","2022","1"
"DH_68","NO","POL","2022","1"
"DH_68","NO","PRT","2022","1"
"DH_68","NO","MDA","2022","1"
"DH_68","NO","UZB","2022","1"
"DH_68","NO","ROU","2022","1"
"DH_68","YES","RUS","2022","1"
"DH_68","NO","SMR","2022","1"
"DH_68","MND_1","SRB","2022","1"
"DH_68","NO","SVK","2022","1"
"DH_68","NO","SVN","2022","1"
"DH_68","NO","ESP","2022","1"
"DH_68","NO","SWE","2022","1"
"DH_68","NO","CHE","2022","1"
"DH_68","YES","TJK","2022","1"
"DH_68","MND_1","TKM","2022","1"
"DH_68","YES","TUR","2022","1"
"DH_68","YES","UKR","2022","1"
"DH_68","YES","GBR","2022","1"
"DH_69","MND_1","ALB","2022","1"
"DH_69","MND_1","AND","2022","1"
"DH_69","YES","ARM","2022","1"
"DH_69","YES","AUT","2022","1"
"DH_69","MND_1","AZE","2022","1"
"DH_69","NO","BLR","2022","1"
"DH_69","NO","BEL","2022","1"
"DH_69","MND_1","BIH","2022","1"
"DH_69","MND_1","BGR","2022","1"
"DH_69","NO","HRV","2022","1"
"DH_69","YES","CYP","2022","1"
"DH_69","NO","CZE","2022","1"
"DH_69","YES","DNK","2022","1"
"DH_69","YES","EST","2022","1"
"DH_69","YES","FIN","2022","1"
"DH_69","MND_1","FRA","2022","1"
"DH_69","NO","GEO","2022","1"
"DH_69","NO","DEU","2022","1"
"DH_69","MND_1","GRC","2022","1"
"DH_69","YES","HUN","2022","1"
"DH_69","YES","ISL","2022","1"
"DH_69","NO","IRL","2022","1"
"DH_69","YES","ISR","2022","1"
"DH_69","NO","ITA","2022","1"
"DH_69","NO","KAZ","2022","1"
"DH_69","NO","KGZ","2022","1"
"DH_69","NO","LVA","2022","1"
"DH_69","YES","LTU","2022","1"
"DH_69","NO","LUX","2022","1"
"DH_69","NO","MLT","2022","1"
"DH_69","MND_1","MCO","2022","1"
"DH_69","NO","MNE","2022","1"
"DH_69","NO","NLD","2022","1"
"DH_69","NO","MKD","2022","1"
"DH_69","MND_1","NOR","2022","1"
"DH_69","NO","POL","2022","1"
"DH_69","NO","PRT","2022","1"
"DH_69","NO","MDA","2022","1"
"DH_69","NO","UZB","2022","1"
"DH_69","NO","ROU","2022","1"
"DH_69","NO","RUS","2022","1"
"DH_69","NO","SMR","2022","1"
"DH_69","MND_1","SRB","2022","1"
"DH_69","YES","SVK","2022","1"
"DH_69","NO","SVN","2022","1"
"DH_69","NO","ESP","2022","1"
"DH_69","NO","SWE","2022","1"
"DH_69","NO","CHE","2022","1"
"DH_69","MND_1","TJK","2022","1"
"DH_69","MND_1","TKM","2022","1"
"DH_69","YES","TUR","2022","1"
"DH_69","NO","UKR","2022","1"
"DH_69","YES","GBR","2022","1"
"DH_70","YES","ALB","2022","1"
"DH_70","YES","AND","2022","1"
"DH_70","YES","ARM","2022","1"
"DH_70","NO","AUT","2022","1"
"DH_70","YES","AZE","2022","1"
"DH_70","YES","BLR","2022","1"
"DH_70","NO","BEL","2022","1"
"DH_70","MND_1","BIH","2022","1"
"DH_70","MND_1","BGR","2022","1"
"DH_70","YES","HRV","2022","1"
"DH_70","YES","CYP","2022","1"
"DH_70","YES","CZE","2022","1"
"DH_70","YES","DNK","2022","1"
"DH_70","YES","EST","2022","1"
"DH_70","YES","FIN","2022","1"
"DH_70","YES","FRA","2022","1"
"DH_70","YES","GEO","2022","1"
"DH_70","YES","DEU","2022","1"
"DH_70","MND_1","GRC","2022","1"
"DH_70","YES","HUN","2022","1"
"DH_70","YES","ISL","2022","1"
"DH_70","NO","IRL","2022","1"
"DH_70","YES","ISR","2022","1"
"DH_70","YES","ITA","2022","1"
"DH_70","YES","KAZ","2022","1"
"DH_70","NO","KGZ","2022","1"
"DH_70","NO","LVA","2022","1"
"DH_70","YES","LTU","2022","1"
"DH_70","YES","LUX","2022","1"
"DH_70","YES","MLT","2022","1"
"DH_70","MND_1","MCO","2022","1"
"DH_70","YES","MNE","2022","1"
"DH_70","NO","NLD","2022","1"
"DH_70","YES","MKD","2022","1"
"DH_70","YES","NOR","2022","1"
"DH_70","NO","POL","2022","1"
"DH_70","YES","PRT","2022","1"
"DH_70","NO","MDA","2022","1"
"DH_70","NO","UZB","2022","1"
"DH_70","YES","ROU","2022","1"
"DH_70","NO","RUS","2022","1"
"DH_70","NO","SMR","2022","1"
"DH_70","MND_1","SRB","2022","1"
"DH_70","NO","SVK","2022","1"
"DH_70","NO","SVN","2022","1"
"DH_70","YES","ESP","2022","1"
"DH_70","YES","SWE","2022","1"
"DH_70","YES","CHE","2022","1"
"DH_70","YES","TJK","2022","1"
"DH_70","MND_1","TKM","2022","1"
"DH_70","YES","TUR","2022","1"
"DH_70","NO","UKR","2022","1"
"DH_70","YES","GBR","2022","1"
"DH_71","YES","ALB","2022","1"
"DH_71","MND_1","AND","2022","1"
"DH_71","YES","ARM","2022","1"
"DH_71","MND_1","AUT","2022","1"
"DH_71","YES","AZE","2022","1"
"DH_71","YES","BLR","2022","1"
"DH_71","YES","BEL","2022","1"
"DH_71","MND_1","BIH","2022","1"
"DH_71","YES","BGR","2022","1"
"DH_71","NO","HRV","2022","1"
"DH_71","YES","CYP","2022","1"
"DH_71","YES","CZE","2022","1"
"DH_71","YES","DNK","2022","1"
"DH_71","YES","EST","2022","1"
"DH_71","YES","FIN","2022","1"
"DH_71","YES","FRA","2022","1"
"DH_71","NO","GEO","2022","1"
"DH_71","YES","DEU","2022","1"
"DH_71","NO","GRC","2022","1"
"DH_71","YES","HUN","2022","1"
"DH_71","YES","ISL","2022","1"
"DH_71","NO","IRL","2022","1"
"DH_71","YES","ISR","2022","1"
"DH_71","YES","ITA","2022","1"
"DH_71","NO","KAZ","2022","1"
"DH_71","NO","KGZ","2022","1"
"DH_71","NO","LVA","2022","1"
"DH_71","NO","LTU","2022","1"
"DH_71","YES","LUX","2022","1"
"DH_71","NO","MLT","2022","1"
"DH_71","MND_1","MCO","2022","1"
"DH_71","YES","MNE","2022","1"
"DH_71","YES","NLD","2022","1"
"DH_71","NO","MKD","2022","1"
"DH_71","YES","NOR","2022","1"
"DH_71","YES","POL","2022","1"
"DH_71","NO","PRT","2022","1"
"DH_71","YES","MDA","2022","1"
"DH_71","NO","UZB","2022","1"
"DH_71","NO","ROU","2022","1"
"DH_71","NO","RUS","2022","1"
"DH_71","NO","SMR","2022","1"
"DH_71","NO","SRB","2022","1"
"DH_71","NO","SVK","2022","1"
"DH_71","NO","SVN","2022","1"
"DH_71","NO","ESP","2022","1"
"DH_71","NO","SWE","2022","1"
"DH_71","YES","CHE","2022","1"
"DH_71","NO","TJK","2022","1"
"DH_71","YES","TKM","2022","1"
"DH_71","YES","TUR","2022","1"
"DH_71","YES","UKR","2022","1"
"DH_71","YES","GBR","2022","1"
"DH_72","YES","ALB","2022","1"
"DH_72","NO","AND","2022","1"
"DH_72","NO","ARM","2022","1"
"DH_72","YES","AUT","2022","1"
"DH_72","YES","AZE","2022","1"
"DH_72","YES","BLR","2022","1"
"DH_72","YES","BEL","2022","1"
"DH_72","MND_1","BIH","2022","1"
"DH_72","NO","BGR","2022","1"
"DH_72","NO","HRV","2022","1"
"DH_72","YES","CYP","2022","1"
"DH_72","YES","CZE","2022","1"
"DH_72","YES","DNK","2022","1"
"DH_72","YES","EST","2022","1"
"DH_72","YES","FIN","2022","1"
"DH_72","YES","FRA","2022","1"
"DH_72","YES","GEO","2022","1"
"DH_72","YES","DEU","2022","1"
"DH_72","MND_1","GRC","2022","1"
"DH_72","YES","HUN","2022","1"
"DH_72","YES","ISL","2022","1"
"DH_72","YES","IRL","2022","1"
"DH_72","YES","ISR","2022","1"
"DH_72","YES","ITA","2022","1"
"DH_72","YES","KAZ","2022","1"
"DH_72","NO","KGZ","2022","1"
"DH_72","YES","LVA","2022","1"
"DH_72","NO","LTU","2022","1"
"DH_72","YES","LUX","2022","1"
"DH_72","NO","MLT","2022","1"
"DH_72","MND_1","MCO","2022","1"
"DH_72","NO","MNE","2022","1"
"DH_72","YES","NLD","2022","1"
"DH_72","NO","MKD","2022","1"
"DH_72","YES","NOR","2022","1"
"DH_72","YES","POL","2022","1"
"DH_72","YES","PRT","2022","1"
"DH_72","NO","MDA","2022","1"
"DH_72","YES","UZB","2022","1"
"DH_72","NO","ROU","2022","1"
"DH_72","YES","RUS","2022","1"
"DH_72","NO","SMR","2022","1"
"DH_72","NO","SRB","2022","1"
"DH_72","YES","SVK","2022","1"
"DH_72","NO","SVN","2022","1"
"DH_72","YES","ESP","2022","1"
"DH_72","YES","SWE","2022","1"
"DH_72","YES","CHE","2022","1"
"DH_72","YES","TJK","2022","1"
"DH_72","YES","TKM","2022","1"
"DH_72","YES","TUR","2022","1"
"DH_72","YES","UKR","2022","1"
"DH_72","YES","GBR","2022","1"
"DH_73","YES","ALB","2022","1"
"DH_73","YES","AND","2022","1"
"DH_73","YES","ARM","2022","1"
"DH_73","YES","AUT","2022","1"
"DH_73","YES","AZE","2022","1"
"DH_73","YES","BLR","2022","1"
"DH_73","YES","BEL","2022","1"
"DH_73","MND_1","BIH","2022","1"
"DH_73","YES","BGR","2022","1"
"DH_73","YES","HRV","2022","1"
"DH_73","YES","CYP","2022","1"
"DH_73","YES","CZE","2022","1"
"DH_73","YES","DNK","2022","1"
"DH_73","YES","EST","2022","1"
"DH_73","YES","FIN","2022","1"
"DH_73","YES","FRA","2022","1"
"DH_73","YES","GEO","2022","1"
"DH_73","YES","DEU","2022","1"
"DH_73","YES","GRC","2022","1"
"DH_73","YES","HUN","2022","1"
"DH_73","YES","ISL","2022","1"
"DH_73","YES","IRL","2022","1"
"DH_73","YES","ISR","2022","1"
"DH_73","YES","ITA","2022","1"
"DH_73","YES","KAZ","2022","1"
"DH_73","YES","KGZ","2022","1"
"DH_73","YES","LVA","2022","1"
"DH_73","YES","LTU","2022","1"
"DH_73","YES","LUX","2022","1"
"DH_73","YES","MLT","2022","1"
"DH_73","MND_1","MCO","2022","1"
"DH_73","YES","MNE","2022","1"
"DH_73","YES","NLD","2022","1"
"DH_73","NO","MKD","2022","1"
"DH_73","YES","NOR","2022","1"
"DH_73","YES","POL","2022","1"
"DH_73","YES","PRT","2022","1"
"DH_73","YES","MDA","2022","1"
"DH_73","YES","UZB","2022","1"
"DH_73","YES","ROU","2022","1"
"DH_73","NO","RUS","2022","1"
"DH_73","YES","SMR","2022","1"
"DH_73","YES","SRB","2022","1"
"DH_73","YES","SVK","2022","1"
"DH_73","YES","SVN","2022","1"
"DH_73","YES","ESP","2022","1"
"DH_73","YES","SWE","2022","1"
"DH_73","YES","CHE","2022","1"
"DH_73","YES","TJK","2022","1"
"DH_73","YES","TKM","2022","1"
"DH_73","YES","TUR","2022","1"
"DH_73","YES","UKR","2022","1"
"DH_73","YES","GBR","2022","1"
"DH_74","NO","ALB","2022","1"
"DH_74","NO","AND","2022","1"
"DH_74","YES","ARM","2022","1"
"DH_74","YES","AUT","2022","1"
"DH_74","YES","AZE","2022","1"
"DH_74","MND_1","BLR","2022","1"
"DH_74","NO","BEL","2022","1"
"DH_74","MND_1","BIH","2022","1"
"DH_74","NO","BGR","2022","1"
"DH_74","YES","HRV","2022","1"
"DH_74","YES","CYP","2022","1"
"DH_74","NO","CZE","2022","1"
"DH_74","YES","DNK","2022","1"
"DH_74","NO","EST","2022","1"
"DH_74","MND_1","FIN","2022","1"
"DH_74","YES","FRA","2022","1"
"DH_74","YES","GEO","2022","1"
"DH_74","NO","DEU","2022","1"
"DH_74","NO","GRC","2022","1"
"DH_74","NO","HUN","2022","1"
"DH_74","NO","ISL","2022","1"
"DH_74","YES","IRL","2022","1"
"DH_74","YES","ISR","2022","1"
"DH_74","YES","ITA","2022","1"
"DH_74","MND_1","KAZ","2022","1"
"DH_74","MND_1","KGZ","2022","1"
"DH_74","NO","LVA","2022","1"
"DH_74","NO","LTU","2022","1"
"DH_74","NO","LUX","2022","1"
"DH_74","NO","MLT","2022","1"
"DH_74","YES","MCO","2022","1"
"DH_74","MND_1","MNE","2022","1"
"DH_74","YES","NLD","2022","1"
"DH_74","NO","MKD","2022","1"
"DH_74","YES","NOR","2022","1"
"DH_74","YES","POL","2022","1"
"DH_74","YES","PRT","2022","1"
"DH_74","NO","MDA","2022","1"
"DH_74","NO","UZB","2022","1"
"DH_74","NO","ROU","2022","1"
"DH_74","MND_1","RUS","2022","1"
"DH_74","NO","SMR","2022","1"
"DH_74","YES","SRB","2022","1"
"DH_74","NO","SVK","2022","1"
"DH_74","NO","SVN","2022","1"
"DH_74","YES","ESP","2022","1"
"DH_74","MND_1","SWE","2022","1"
"DH_74","YES","CHE","2022","1"
"DH_74","NO","TJK","2022","1"
"DH_74","YES","TUR","2022","1"
"DH_74","YES","TKM","2022","1"
"DH_74","NO","UKR","2022","1"
"DH_74","MND_1","GBR","2022","1"
